[Licensing::Module] Trying to connect to existing licensing client channel...
[Licensing::IpcConnector] Channel LicenseClient-PC-54 doesn't exist
[Licensing::Module] Successfully launched the LicensingClient (PId: 14912)
[Licensing::IpcConnector] Successfully connected to: "LicenseClient-PC-54" at "2026-07-01T09:09:05.2164525Z"
[Licensing::Client] Code 10 while verifying Licensing Client signature (process Id: 14912, path: "C:/Program Files/Unity/Hub/Editor/2022.3.62f3/Editor/Data/Resources/Licensing/Client/Unity.Licensing.Client.exe")
[Licensing::Module] LicensingClient has failed validation; ignoring
[Licensing::Client] Handshaking with LicensingClient:
  Version:                 1.16.2+bdef8f5
  Session Id:              4b42b9e6e6a8417c9238c4db5ca712ec
  Correlation Id:          b6b1a3dc44369a2a582cba6234a2dfdd
  External correlation Id: 2919422389512230093
  Machine Id:              6z7xG4lA7tnd6/+sdSgd0G/nB8I=
[Licensing::Module] Successfully connected to LicensingClient on channel: "LicenseClient-PC-54" (connect: 1.29s, validation: 0.06s, handshake: 0.08s)
[Licensing::IpcConnector] Successfully connected to: "LicenseClient-PC-54-notifications" at "2026-07-01T09:09:05.3486234Z"
[Licensing::Module] Connected to LicensingClient (PId: 14912, launch time: 0.01, total connection time: 1.42s)
[Licensing::Module] Error: Access token is unavailable; failed to update
[Licensing::Client] Successfully updated license
Built from '2022.3/respin/2022.3.62f2-4af31df585-v2' branch; Version is '2022.3.62f3 (96770f904ca7) revision 9860879'; Using compiler version '192829333'; Build Type 'Release'
OS: 'Windows 11  (10.0.26200) 64bit Professional' Language: 'ko' Physical Memory: 32405 MB
[Licensing::Client] Successfully resolved entitlement details
[Licensing::Module] Serial number assigned to: "14569687781412-stoic-program-UnityPrXXXX"
BatchMode: 1, IsHumanControllingUs: 0, StartBugReporterOnCrash: 0, Is64bit: 1, IsPro: 1
[Licensing::Client] Successfully resolved entitlement details

COMMAND LINE ARGUMENTS:
C:\Program Files\Unity\Hub\Editor\2022.3.62f3\Editor\Unity.exe
-batchmode
-quit
-projectPath
C:\Development\14_LT\LotteryFantasy
-executeMethod
LotteryFantasyEditModeTestRunner.RunEnergyFeedbackTests
-lfTestFilter
SpinOutcomeAdvisorTests
-lfTestResults
C:\Development\14_LT\LotteryFantasy\TestResults-SpinOutcomeAdvisor-commit-fixed.xml
-logFile
C:\Development\14_LT\unity-spin-advisor-commit-fixed.log
Successfully changed project path to: C:\Development\14_LT\LotteryFantasy
C:/Development/14_LT/LotteryFantasy
[UnityMemory] Configuration Parameters - Can be set up in boot.config
    "memorysetup-bucket-allocator-granularity=16"
    "memorysetup-bucket-allocator-bucket-count=8"
    "memorysetup-bucket-allocator-block-size=33554432"
    "memorysetup-bucket-allocator-block-count=8"
    "memorysetup-main-allocator-block-size=16777216"
    "memorysetup-thread-allocator-block-size=16777216"
    "memorysetup-gfx-main-allocator-block-size=16777216"
    "memorysetup-gfx-thread-allocator-block-size=16777216"
    "memorysetup-cache-allocator-block-size=4194304"
    "memorysetup-typetree-allocator-block-size=2097152"
    "memorysetup-profiler-bucket-allocator-granularity=16"
    "memorysetup-profiler-bucket-allocator-bucket-count=8"
    "memorysetup-profiler-bucket-allocator-block-size=33554432"
    "memorysetup-profiler-bucket-allocator-block-count=8"
    "memorysetup-profiler-allocator-block-size=16777216"
    "memorysetup-profiler-editor-allocator-block-size=1048576"
    "memorysetup-temp-allocator-size-main=16777216"
    "memorysetup-job-temp-allocator-block-size=2097152"
    "memorysetup-job-temp-allocator-block-size-background=1048576"
    "memorysetup-job-temp-allocator-reduction-small-platforms=262144"
    "memorysetup-allocator-temp-initial-block-size-main=262144"
    "memorysetup-allocator-temp-initial-block-size-worker=262144"
    "memorysetup-temp-allocator-size-background-worker=32768"
    "memorysetup-temp-allocator-size-job-worker=262144"
    "memorysetup-temp-allocator-size-preload-manager=33554432"
    "memorysetup-temp-allocator-size-nav-mesh-worker=65536"
    "memorysetup-temp-allocator-size-audio-worker=65536"
    "memorysetup-temp-allocator-size-cloud-worker=32768"
    "memorysetup-temp-allocator-size-gi-baking-worker=262144"
    "memorysetup-temp-allocator-size-gfx=262144"
Player connection [34376]  Target information:

Player connection [34376]  * "[IP] 192.168.0.55 [Port] 55504 [Flags] 2 [Guid] 3749883186 [EditorId] 3749883186 [Version] 1048832 [Id] WindowsEditor(7,S2309-PC-54) [Debug] 1 [PackageName] WindowsEditor [ProjectName] Editor" 

Player connection [34376] Host joined multi-casting on [225.0.0.222:54997]...
Player connection [34376] Host joined alternative multi-casting on [225.0.0.222:34997]...
Input System module state changed to: Initialized.
[PhysX] Initialized MultithreadedTaskDispatcher with 12 workers.
[Package Manager] UpmClient::Connect -- Connected to IPC stream "Upm-20344" after 0.4 seconds.
[Package Manager] Restoring resolved packages state from cache
[Licensing::Client] Successfully resolved entitlement details
[Package Manager] Registered 59 packages:
  Packages from [https://packages.unity.com]:
    com.unity.collab-proxy@2.12.4 (location: C:\Development\14_LT\LotteryFantasy\Library\PackageCache\com.unity.collab-proxy@2.12.4)
    com.unity.ide.rider@3.0.36 (location: C:\Development\14_LT\LotteryFantasy\Library\PackageCache\com.unity.ide.rider@3.0.36)
    com.unity.ide.visualstudio@2.0.22 (location: C:\Development\14_LT\LotteryFantasy\Library\PackageCache\com.unity.ide.visualstudio@2.0.22)
    com.unity.test-framework@1.1.33 (location: C:\Development\14_LT\LotteryFantasy\Library\PackageCache\com.unity.test-framework@1.1.33)
    com.unity.textmeshpro@3.0.7 (location: C:\Development\14_LT\LotteryFantasy\Library\PackageCache\com.unity.textmeshpro@3.0.7)
    com.unity.timeline@1.7.7 (location: C:\Development\14_LT\LotteryFantasy\Library\PackageCache\com.unity.timeline@1.7.7)
    com.unity.visualscripting@1.9.4 (location: C:\Development\14_LT\LotteryFantasy\Library\PackageCache\com.unity.visualscripting@1.9.4)
    com.unity.ext.nunit@1.0.6 (location: C:\Development\14_LT\LotteryFantasy\Library\PackageCache\com.unity.ext.nunit@1.0.6)
    com.unity.mathematics@1.2.6 (location: C:\Development\14_LT\LotteryFantasy\Library\PackageCache\com.unity.mathematics@1.2.6)
    com.unity.burst@1.8.21 (location: C:\Development\14_LT\LotteryFantasy\Library\PackageCache\com.unity.burst@1.8.21)
    com.unity.2d.animation@9.2.0 (location: C:\Development\14_LT\LotteryFantasy\Library\PackageCache\com.unity.2d.animation@9.2.0)
    com.unity.2d.pixel-perfect@5.1.0 (location: C:\Development\14_LT\LotteryFantasy\Library\PackageCache\com.unity.2d.pixel-perfect@5.1.0)
    com.unity.2d.psdimporter@8.1.0 (location: C:\Development\14_LT\LotteryFantasy\Library\PackageCache\com.unity.2d.psdimporter@8.1.0)
    com.unity.2d.spriteshape@9.1.0 (location: C:\Development\14_LT\LotteryFantasy\Library\PackageCache\com.unity.2d.spriteshape@9.1.0)
    com.unity.2d.tilemap.extras@3.1.3 (location: C:\Development\14_LT\LotteryFantasy\Library\PackageCache\com.unity.2d.tilemap.extras@3.1.3)
    com.unity.2d.aseprite@1.1.9 (location: C:\Development\14_LT\LotteryFantasy\Library\PackageCache\com.unity.2d.aseprite@1.1.9)
    com.unity.searcher@4.9.2 (location: C:\Development\14_LT\LotteryFantasy\Library\PackageCache\com.unity.searcher@4.9.2)
    com.unity.2d.common@8.1.0 (location: C:\Development\14_LT\LotteryFantasy\Library\PackageCache\com.unity.2d.common@8.1.0)
    com.unity.collections@1.2.4 (location: C:\Development\14_LT\LotteryFantasy\Library\PackageCache\com.unity.collections@1.2.4)
  Built-in packages:
    com.unity.feature.2d@2.0.1 (location: C:\Development\14_LT\LotteryFantasy\Library\PackageCache\com.unity.feature.2d@2.0.1)
    com.unity.render-pipelines.universal@14.0.12 (location: C:\Development\14_LT\LotteryFantasy\Library\PackageCache\com.unity.render-pipelines.universal@14.0.12)
    com.unity.ugui@1.0.0 (location: C:\Development\14_LT\LotteryFantasy\Library\PackageCache\com.unity.ugui@1.0.0)
    com.unity.modules.ai@1.0.0 (location: C:\Development\14_LT\LotteryFantasy\Library\PackageCache\com.unity.modules.ai@1.0.0)
    com.unity.modules.androidjni@1.0.0 (location: C:\Development\14_LT\LotteryFantasy\Library\PackageCache\com.unity.modules.androidjni@1.0.0)
    com.unity.modules.animation@1.0.0 (location: C:\Development\14_LT\LotteryFantasy\Library\PackageCache\com.unity.modules.animation@1.0.0)
    com.unity.modules.assetbundle@1.0.0 (location: C:\Development\14_LT\LotteryFantasy\Library\PackageCache\com.unity.modules.assetbundle@1.0.0)
    com.unity.modules.audio@1.0.0 (location: C:\Development\14_LT\LotteryFantasy\Library\PackageCache\com.unity.modules.audio@1.0.0)
    com.unity.modules.cloth@1.0.0 (location: C:\Development\14_LT\LotteryFantasy\Library\PackageCache\com.unity.modules.cloth@1.0.0)
    com.unity.modules.director@1.0.0 (location: C:\Development\14_LT\LotteryFantasy\Library\PackageCache\com.unity.modules.director@1.0.0)
    com.unity.modules.imageconversion@1.0.0 (location: C:\Development\14_LT\LotteryFantasy\Library\PackageCache\com.unity.modules.imageconversion@1.0.0)
    com.unity.modules.imgui@1.0.0 (location: C:\Development\14_LT\LotteryFantasy\Library\PackageCache\com.unity.modules.imgui@1.0.0)
    com.unity.modules.jsonserialize@1.0.0 (location: C:\Development\14_LT\LotteryFantasy\Library\PackageCache\com.unity.modules.jsonserialize@1.0.0)
    com.unity.modules.particlesystem@1.0.0 (location: C:\Development\14_LT\LotteryFantasy\Library\PackageCache\com.unity.modules.particlesystem@1.0.0)
    com.unity.modules.physics@1.0.0 (location: C:\Development\14_LT\LotteryFantasy\Library\PackageCache\com.unity.modules.physics@1.0.0)
    com.unity.modules.physics2d@1.0.0 (location: C:\Development\14_LT\LotteryFantasy\Library\PackageCache\com.unity.modules.physics2d@1.0.0)
    com.unity.modules.screencapture@1.0.0 (location: C:\Development\14_LT\LotteryFantasy\Library\PackageCache\com.unity.modules.screencapture@1.0.0)
    com.unity.modules.terrain@1.0.0 (location: C:\Development\14_LT\LotteryFantasy\Library\PackageCache\com.unity.modules.terrain@1.0.0)
    com.unity.modules.terrainphysics@1.0.0 (location: C:\Development\14_LT\LotteryFantasy\Library\PackageCache\com.unity.modules.terrainphysics@1.0.0)
    com.unity.modules.tilemap@1.0.0 (location: C:\Development\14_LT\LotteryFantasy\Library\PackageCache\com.unity.modules.tilemap@1.0.0)
    com.unity.modules.ui@1.0.0 (location: C:\Development\14_LT\LotteryFantasy\Library\PackageCache\com.unity.modules.ui@1.0.0)
    com.unity.modules.uielements@1.0.0 (location: C:\Development\14_LT\LotteryFantasy\Library\PackageCache\com.unity.modules.uielements@1.0.0)
    com.unity.modules.umbra@1.0.0 (location: C:\Development\14_LT\LotteryFantasy\Library\PackageCache\com.unity.modules.umbra@1.0.0)
    com.unity.modules.unityanalytics@1.0.0 (location: C:\Development\14_LT\LotteryFantasy\Library\PackageCache\com.unity.modules.unityanalytics@1.0.0)
    com.unity.modules.unitywebrequest@1.0.0 (location: C:\Development\14_LT\LotteryFantasy\Library\PackageCache\com.unity.modules.unitywebrequest@1.0.0)
    com.unity.modules.unitywebrequestassetbundle@1.0.0 (location: C:\Development\14_LT\LotteryFantasy\Library\PackageCache\com.unity.modules.unitywebrequestassetbundle@1.0.0)
    com.unity.modules.unitywebrequestaudio@1.0.0 (location: C:\Development\14_LT\LotteryFantasy\Library\PackageCache\com.unity.modules.unitywebrequestaudio@1.0.0)
    com.unity.modules.unitywebrequesttexture@1.0.0 (location: C:\Development\14_LT\LotteryFantasy\Library\PackageCache\com.unity.modules.unitywebrequesttexture@1.0.0)
    com.unity.modules.unitywebrequestwww@1.0.0 (location: C:\Development\14_LT\LotteryFantasy\Library\PackageCache\com.unity.modules.unitywebrequestwww@1.0.0)
    com.unity.modules.vehicles@1.0.0 (location: C:\Development\14_LT\LotteryFantasy\Library\PackageCache\com.unity.modules.vehicles@1.0.0)
    com.unity.modules.video@1.0.0 (location: C:\Development\14_LT\LotteryFantasy\Library\PackageCache\com.unity.modules.video@1.0.0)
    com.unity.modules.vr@1.0.0 (location: C:\Development\14_LT\LotteryFantasy\Library\PackageCache\com.unity.modules.vr@1.0.0)
    com.unity.modules.wind@1.0.0 (location: C:\Development\14_LT\LotteryFantasy\Library\PackageCache\com.unity.modules.wind@1.0.0)
    com.unity.modules.xr@1.0.0 (location: C:\Development\14_LT\LotteryFantasy\Library\PackageCache\com.unity.modules.xr@1.0.0)
    com.unity.modules.subsystems@1.0.0 (location: C:\Development\14_LT\LotteryFantasy\Library\PackageCache\com.unity.modules.subsystems@1.0.0)
    com.unity.render-pipelines.core@14.0.12 (location: C:\Development\14_LT\LotteryFantasy\Library\PackageCache\com.unity.render-pipelines.core@14.0.12)
    com.unity.shadergraph@14.0.12 (location: C:\Development\14_LT\LotteryFantasy\Library\PackageCache\com.unity.shadergraph@14.0.12)
    com.unity.render-pipelines.universal-config@14.0.10 (location: C:\Development\14_LT\LotteryFantasy\Library\PackageCache\com.unity.render-pipelines.universal-config@14.0.10)
    com.unity.2d.sprite@1.0.0 (location: C:\Development\14_LT\LotteryFantasy\Library\PackageCache\com.unity.2d.sprite@1.0.0)
    com.unity.2d.tilemap@1.0.0 (location: C:\Development\14_LT\LotteryFantasy\Library\PackageCache\com.unity.2d.tilemap@1.0.0)
[Subsystems] No new subsystems found in resolved package list.
Package Manager log level set to [2]
[Package Manager] Done registering packages in 0.10 seconds
Refreshing native plugins compatible for Editor in 47.80 ms, found 5 plugins.
Preloading 0 native plugins for Editor in 0.00 ms.
Initialize engine version: 2022.3.62f3 (96770f904ca7)
[Subsystems] Discovering subsystems at path C:/Program Files/Unity/Hub/Editor/2022.3.62f3/Editor/Data/Resources/UnitySubsystems
[Subsystems] Discovering subsystems at path C:/Development/14_LT/LotteryFantasy/Assets
GfxDevice: creating device client; threaded=0; jobified=0
Direct3D:
    Version:  Direct3D 11.0 [level 11.1]
    Renderer: NVIDIA GeForce RTX 4060 Ti (ID=0x2803)
    Vendor:   NVIDIA
    VRAM:     7949 MB
    Driver:   32.0.15.8180
[Licensing::Client] Successfully resolved entitlement details
Initialize mono
Mono path[0] = 'C:/Program Files/Unity/Hub/Editor/2022.3.62f3/Editor/Data/Managed'
Mono path[1] = 'C:/Program Files/Unity/Hub/Editor/2022.3.62f3/Editor/Data/MonoBleedingEdge/lib/mono/unityjit-win32'
Mono config path = 'C:/Program Files/Unity/Hub/Editor/2022.3.62f3/Editor/Data/MonoBleedingEdge/etc'
Using monoOptions --debugger-agent=transport=dt_socket,embedding=1,server=y,suspend=n,address=127.0.0.1:56344
Using cacheserver namespaces - metadata:defaultmetadata, artifacts:defaultartifacts
Using cacheserver namespaces - metadata:defaultmetadata, artifacts:defaultartifacts
ImportWorker Server TCP listen port: 0
Begin MonoManager ReloadAssembly
Registering precompiled unity dll's ...
Register platform support module: C:/Program Files/Unity/Hub/Editor/2022.3.62f3/Editor/Data/PlaybackEngines/WebGLSupport/UnityEditor.WebGL.Extensions.dll
[Licensing::Client] Successfully resolved entitlement details
Register platform support module: C:/Program Files/Unity/Hub/Editor/2022.3.62f3/Editor/Data/PlaybackEngines/AndroidPlayer/UnityEditor.Android.Extensions.dll
Register platform support module: C:/Program Files/Unity/Hub/Editor/2022.3.62f3/Editor/Data/PlaybackEngines/WindowsStandaloneSupport/UnityEditor.WindowsStandalone.Extensions.dll
Registered in 0.030722 seconds.
- Loaded All Assemblies, in  0.360 seconds
Native extension for WindowsStandalone target not found
Native extension for Android target not found
Android Extension - Scanning For ADB Devices 5057 ms
Native extension for WebGL target not found
Mono: successfully reloaded assembly
- Finished resetting the current domain, in  5.291 seconds
Domain Reload Profiling: 5641ms
	BeginReloadAssembly (104ms)
		ExecutionOrderSort (0ms)
		DisableScriptedObjects (0ms)
		BackupInstance (0ms)
		ReleaseScriptingObjects (0ms)
		CreateAndSetChildDomain (1ms)
	RebuildCommonClasses (26ms)
	RebuildNativeTypeToScriptingClass (9ms)
	initialDomainReloadingComplete (93ms)
	LoadAllAssembliesAndSetupDomain (118ms)
		LoadAssemblies (96ms)
		RebuildTransferFunctionScriptingTraits (0ms)
		AnalyzeDomain (114ms)
			TypeCache.Refresh (112ms)
				TypeCache.ScanAssembly (103ms)
			ScanForSourceGeneratedMonoScriptInfo (0ms)
			ResolveRequiredComponents (0ms)
	FinalizeReload (5291ms)
		ReleaseScriptCaches (0ms)
		RebuildScriptCaches (0ms)
		SetupLoadedEditorAssemblies (5257ms)
			LogAssemblyErrors (0ms)
			InitializePlatformSupportModulesInManaged (5127ms)
			SetLoadedEditorAssemblies (3ms)
			RefreshPlugins (0ms)
			BeforeProcessingInitializeOnLoad (1ms)
			ProcessInitializeOnLoadAttributes (81ms)
			ProcessInitializeOnLoadMethodAttributes (44ms)
			AfterProcessingInitializeOnLoad (0ms)
			EditorAssembliesLoaded (0ms)
		ExecutionOrderSort2 (0ms)
		AwakeInstancesAfterBackupRestoration (0ms)
[Licensing::Client] Successfully resolved entitlement details
Application.AssetDatabase Initial Refresh Start
The GUID inside 'Assets/Scripts/Systems/SpinOutcomeAdvisor.cs.meta' cannot be extracted by the YAML Parser. Attempting to extract it via string matching instead. Please verify the file does not contain unexpected data.
The GUID inside 'Assets/Tests/EditMode/SpinOutcomeAdvisorTests.cs.meta' cannot be extracted by the YAML Parser. Attempting to extract it via string matching instead. Please verify the file does not contain unexpected data.
[ScriptCompilation] Requested script compilation because: Assetdatabase observed changes in script compilation related files
info: Microsoft.Hosting.Lifetime[14]
      Now listening on: http://localhost:80
info: Microsoft.Hosting.Lifetime[0]
      Application started. Press Ctrl+C to shut down.
info: Microsoft.Hosting.Lifetime[0]
      Hosting environment: Production
info: Microsoft.Hosting.Lifetime[0]
      Content root path: C:\Development\14_LT\LotteryFantasy\
info: Microsoft.AspNetCore.Hosting.Diagnostics[1]
      Request starting HTTP/2 POST http://ilpp/UnityILPP.PostProcessing/Ping application/grpc -
info: Microsoft.AspNetCore.Routing.EndpointMiddleware[0]
      Executing endpoint 'gRPC - /UnityILPP.PostProcessing/Ping'
info: Microsoft.AspNetCore.Routing.EndpointMiddleware[1]
      Executed endpoint 'gRPC - /UnityILPP.PostProcessing/Ping'
info: Microsoft.AspNetCore.Hosting.Diagnostics[2]
      Request finished HTTP/2 POST http://ilpp/UnityILPP.PostProcessing/Ping application/grpc - - 200 - application/grpc 31.4186ms
Starting: C:\Program Files\Unity\Hub\Editor\2022.3.62f3\Editor\Data\bee_backend.exe --ipc --defer-dag-verification --dagfile="Library/Bee/1900b0aE.dag" --continue-on-failure --profile="Library/Bee/backend1.traceevents" ScriptAssemblies
WorkingDir: C:/Development/14_LT/LotteryFantasy
DisplayProgressbar: Compiling Scripts
info: Microsoft.AspNetCore.Hosting.Diagnostics[1]
      Request starting HTTP/2 POST http://ilpp/UnityILPP.PostProcessing/ConfigurePostProcessors application/grpc -
info: Microsoft.AspNetCore.Routing.EndpointMiddleware[0]
      Executing endpoint 'gRPC - /UnityILPP.PostProcessing/ConfigurePostProcessors'
warn: Unity.ILPP.Runner.PostProcessingAssemblyLoadContext[0]
      Assembly system.runtime.interopservices.windowsruntime has duplicate hint path. Ignoring "C:\Program Files\Unity\Hub\Editor\2022.3.62f3\Editor\Data\UnityReferenceAssemblies\unity-4.8-api\Facades\System.Runtime.InteropServices.WindowsRuntime.dll" in favor of "C:\Program Files\Unity\Hub\Editor\2022.3.62f3\Editor\Data\NetStandard\Extensions\2.0.0\System.Runtime.InteropServices.WindowsRuntime.dll"
warn: Unity.ILPP.Runner.PostProcessingAssemblyLoadContext[0]
      Assembly system.componentmodel.composition has duplicate hint path. Ignoring "C:\Program Files\Unity\Hub\Editor\2022.3.62f3\Editor\Data\UnityReferenceAssemblies\unity-4.8-api\System.ComponentModel.Composition.dll" in favor of "C:\Program Files\Unity\Hub\Editor\2022.3.62f3\Editor\Data\NetStandard\compat\2.1.0\shims\netfx\System.ComponentModel.Composition.dll"
info: Unity.ILPP.Runner.PostProcessingAssemblyLoadContext[0]
      Resolved Unity.Burst.Cecil, Version=0.11.4.0, Culture=neutral, PublicKeyToken=50cebf1cceb9d05e with Library\PackageCache\com.unity.burst@1.8.21\Unity.Burst.CodeGen\Unity.Burst.Cecil.dll
info: Microsoft.AspNetCore.Routing.EndpointMiddleware[1]
      Executed endpoint 'gRPC - /UnityILPP.PostProcessing/ConfigurePostProcessors'
info: Microsoft.AspNetCore.Hosting.Diagnostics[2]
      Request finished HTTP/2 POST http://ilpp/UnityILPP.PostProcessing/ConfigurePostProcessors application/grpc - - 200 - application/grpc 72.8850ms
info: Microsoft.AspNetCore.Hosting.Diagnostics[1]
      Request starting HTTP/2 POST http://ilpp/UnityILPP.PostProcessing/PostProcessAssembly application/grpc -
info: Microsoft.AspNetCore.Routing.EndpointMiddleware[0]
      Executing endpoint 'gRPC - /UnityILPP.PostProcessing/PostProcessAssembly'
info: Unity.ILPP.Runner.PostProcessingPipeline[0]
      Processing assembly Library/Bee/artifacts/1900b0aE.dag/SlotDefense.Tests.dll, with 118 defines and 222 references
info: Unity.ILPP.Runner.PostProcessingPipeline[0]
      processors: zzzUnity.Burst.CodeGen.BurstILPostProcessor
info: Unity.ILPP.Runner.PostProcessingPipeline[0]
      running zzzUnity.Burst.CodeGen.BurstILPostProcessor
info: Microsoft.AspNetCore.Routing.EndpointMiddleware[1]
      Executed endpoint 'gRPC - /UnityILPP.PostProcessing/PostProcessAssembly'
info: Microsoft.AspNetCore.Hosting.Diagnostics[2]
      Request finished HTTP/2 POST http://ilpp/UnityILPP.PostProcessing/PostProcessAssembly application/grpc - - 200 - application/grpc 12.5604ms
ExitCode: 0 Duration: 1s607ms
[643/834    0s] ILPP-Configuration Library/ilpp-configuration.nevergeneratedoutput
[830/834    0s] Csc Library/Bee/artifacts/1900b0aE.dag/SlotDefense.Tests.dll (+2 others)
[831/834    0s] ILPostProcess Library/Bee/artifacts/1900b0aE.dag/post-processed/SlotDefense.Tests.dll (+pdb)
Processing assembly Library/Bee/artifacts/1900b0aE.dag/SlotDefense.Tests.dll, with 118 defines and 222 references

processors: zzzUnity.Burst.CodeGen.BurstILPostProcessor

running zzzUnity.Burst.CodeGen.BurstILPostProcessor
[832/834    0s] CopyFiles Library/ScriptAssemblies/SlotDefense.Tests.pdb
[833/834    0s] CopyFiles Library/ScriptAssemblies/SlotDefense.Tests.dll
*** Tundra build success (1.56 seconds), 5 items updated, 834 evaluated
AssetDatabase: script compilation time: 2.147782s
Begin MonoManager ReloadAssembly
Total cache size 266438615
Total cache size after purge 266438615
- Loaded All Assemblies, in  0.877 seconds
Refreshing native plugins compatible for Editor in 24.16 ms, found 5 plugins.
Preloading 0 native plugins for Editor in 0.00 ms.
Start importing Assets/Tests/EditMode/SpinOutcomeAdvisorTests.cs using Guid(0de8e7fe4f22b6c48a1259eb636784a1) Importer(-1,00000000000000000000000000000000) Unable to parse file Assets/Tests/EditMode/SpinOutcomeAdvisorTests.cs.meta: [Parser Failure at line 11: Expect ':' between key and value within mapping]
[PhysX] Initialized MultithreadedTaskDispatcher with 12 workers.
 -> (artifact id: '59639d62c83a20263c1cb6e70bacdfd4') in 0.010778 seconds
Refreshing native plugins compatible for Editor in 21.22 ms, found 5 plugins.
Native extension for WindowsStandalone target not found
Native extension for Android target not found
Native extension for WebGL target not found
Mono: successfully reloaded assembly
- Finished resetting the current domain, in  2.575 seconds
Domain Reload Profiling: 3430ms
	BeginReloadAssembly (163ms)
		ExecutionOrderSort (0ms)
		DisableScriptedObjects (3ms)
		BackupInstance (0ms)
		ReleaseScriptingObjects (0ms)
		CreateAndSetChildDomain (30ms)
	RebuildCommonClasses (32ms)
	RebuildNativeTypeToScriptingClass (12ms)
	initialDomainReloadingComplete (68ms)
	LoadAllAssembliesAndSetupDomain (579ms)
		LoadAssemblies (444ms)
		RebuildTransferFunctionScriptingTraits (0ms)
		AnalyzeDomain (221ms)
			TypeCache.Refresh (185ms)
				TypeCache.ScanAssembly (168ms)
			ScanForSourceGeneratedMonoScriptInfo (24ms)
			ResolveRequiredComponents (11ms)
	FinalizeReload (2576ms)
		ReleaseScriptCaches (0ms)
		RebuildScriptCaches (0ms)
		SetupLoadedEditorAssemblies (2414ms)
			LogAssemblyErrors (0ms)
			InitializePlatformSupportModulesInManaged (20ms)
			SetLoadedEditorAssemblies (2ms)
			RefreshPlugins (0ms)
			BeforeProcessingInitializeOnLoad (74ms)
			ProcessInitializeOnLoadAttributes (2160ms)
			ProcessInitializeOnLoadMethodAttributes (133ms)
			AfterProcessingInitializeOnLoad (25ms)
			EditorAssembliesLoaded (0ms)
		ExecutionOrderSort2 (0ms)
		AwakeInstancesAfterBackupRestoration (13ms)
Refreshing native plugins compatible for Editor in 23.66 ms, found 5 plugins.
Preloading 0 native plugins for Editor in 0.00 ms.
Asset Pipeline Refresh (id=c4a917118cf4e7a409b642a882fc9a08): Total: 9.287 seconds - Initiated by InitialRefreshV2(ForceSynchronousImport)
	Summary:
		Imports: total=1 (actual=1, local cache=0, cache server=0)
		Asset DB Process Time: managed=3 ms, native=3265 ms
		Asset DB Callback time: managed=166 ms, native=30 ms
		Scripting: domain reloads=1, domain reload time=3604 ms, compile time=2150 ms, other=66 ms
		Project Asset Count: scripts=7394, non-scripts=3301
		Asset File Changes: new=0, changed=1, moved=0, deleted=0
		Scan Filter Count: 0
	InvokeBeforeRefreshCallbacks: 3.528ms
	ApplyChangesToAssetFolders: 0.071ms
	Scan: 165.191ms
	OnSourceAssetsModified: 2.026ms
	GetAllGuidsForCategorization: 1.505ms
	CategorizeAssets: 204.694ms
	ImportOutOfDateAssets: 2684.559ms (480.468ms without children)
		ImportManagerImport: 15.312ms (3.401ms without children)
			ImportInProcess: 11.884ms
			UpdateCategorizedAssets: 0.028ms
		CompileScripts: 2149.969ms
		ReloadNativeAssets: 0.027ms
		UnloadImportedAssets: 33.886ms
		ReloadImportedAssets: 0.705ms
		EnsureUptoDateAssetsAreRegisteredWithGuidPM: 3.027ms
		InitializingProgressBar: 0.006ms
		PostProcessAllAssetNotificationsAddChangedAssets: 0.001ms
		OnDemandSchedulerStart: 1.157ms
	PostProcessAllAssets: 167.024ms
	Hotreload: 24.169ms
	GatherAllCurrentPrimaryArtifactRevisions: 0.000ms
	UnloadStreamsBegin: 1.976ms
	PersistCurrentRevisions: 0.308ms
	UnloadStreamsEnd: 0.053ms
	GenerateScriptTypeHashes: 2.687ms
	Untracked: 6031.900ms
Application.AssetDatabase Initial Refresh End
Launched and connected shader compiler UnityShaderCompiler.exe after 0.06 seconds
Scanning for USB devices : 12.377ms
Initializing Unity extensions:
[Licensing::Client] Successfully resolved entitlement details
[MODES] ModeService[none].Initialize
[MODES] ModeService[none].LoadModes
[MODES] Loading mode Default (0) for mode-current-id-LotteryFantasy
[PhysX] Initialized MultithreadedTaskDispatcher with 12 workers.
ProgressiveSceneManager::Cancel()
Unloading 6 Unused Serialized files (Serialized files now loaded: 0)
Unloading 111 unused Assets / (0.8 MB). Loaded Objects now: 6663.
Memory consumption went from 168.1 MB to 167.3 MB.
Total: 4.843400 ms (FindLiveObjects: 0.695600 ms CreateObjectMapping: 0.166700 ms MarkObjects: 3.649000 ms  DeleteObjects: 0.331100 ms)

[LotteryFantasyTestRunner] Starting EditMode tests with filter: SpinOutcomeAdvisorTests
UnityEngine.StackTraceUtility:ExtractStackTrace ()
UnityEngine.DebugLogHandler:LogFormat (UnityEngine.LogType,UnityEngine.Object,string,object[])
UnityEngine.Logger:Log (UnityEngine.LogType,object)
UnityEngine.Debug:Log (object)
LotteryFantasyEditModeTestRunner:RunEnergyFeedbackTests () (at Assets/Editor/LotteryFantasyEditModeTestRunner.cs:29)

(Filename: Assets/Editor/LotteryFantasyEditModeTestRunner.cs Line: 29)

[PhysX] Initialized MultithreadedTaskDispatcher with 12 workers.
Unloading 1 Unused Serialized files (Serialized files now loaded: 0)
Unloading 1 unused Assets / (2.7 KB). Loaded Objects now: 6668.
Memory consumption went from 165.6 MB to 165.6 MB.
Total: 5.940900 ms (FindLiveObjects: 0.456900 ms CreateObjectMapping: 0.163100 ms MarkObjects: 5.291000 ms  DeleteObjects: 0.028900 ms)

[LotteryFantasyTestRunner] RunStarted: LotteryFantasy cases=65
UnityEngine.StackTraceUtility:ExtractStackTrace ()
UnityEngine.DebugLogHandler:LogFormat (UnityEngine.LogType,UnityEngine.Object,string,object[])
UnityEngine.Logger:Log (UnityEngine.LogType,object)
UnityEngine.Debug:Log (object)
LotteryFantasyEditModeTestRunner/ResultCallbacks:RunStarted (UnityEditor.TestTools.TestRunner.Api.ITestAdaptor) (at Assets/Editor/LotteryFantasyEditModeTestRunner.cs:72)
UnityEditor.TestTools.TestRunner.Api.CallbacksDelegator/<>c__DisplayClass6_0:<RunStarted>b__0 (UnityEditor.TestTools.TestRunner.Api.ICallbacks) (at ./Library/PackageCache/com.unity.test-framework@1.1.33/UnityEditor.TestRunner/Api/CallbacksDelegator.cs:39)
UnityEditor.TestTools.TestRunner.Api.CallbacksDelegator:TryInvokeAllCallbacks (System.Action`1<UnityEditor.TestTools.TestRunner.Api.ICallbacks>) (at ./Library/PackageCache/com.unity.test-framework@1.1.33/UnityEditor.TestRunner/Api/CallbacksDelegator.cs:122)
UnityEditor.TestTools.TestRunner.Api.CallbacksDelegator:RunStarted (NUnit.Framework.Interfaces.ITest) (at ./Library/PackageCache/com.unity.test-framework@1.1.33/UnityEditor.TestRunner/Api/CallbacksDelegator.cs:39)
UnityEditor.TestTools.TestRunner.Api.CallbacksDelegatorListener:RunStarted (NUnit.Framework.Interfaces.ITest) (at ./Library/PackageCache/com.unity.test-framework@1.1.33/UnityEditor.TestRunner/Api/CallbacksDelegatorListener.cs:10)
UnityEngine.Events.InvokableCall`1<NUnit.Framework.Interfaces.ITest>:Invoke (NUnit.Framework.Interfaces.ITest)
UnityEngine.Events.UnityEvent`1<NUnit.Framework.Interfaces.ITest>:Invoke (NUnit.Framework.Interfaces.ITest)
UnityEditor.TestTools.TestRunner.EditModeRunner:Run () (at ./Library/PackageCache/com.unity.test-framework@1.1.33/UnityEditor.TestRunner/TestRunner/EditModeRunner.cs:183)
UnityEditor.TestTools.TestRunner.EditModeLauncher:Run () (at ./Library/PackageCache/com.unity.test-framework@1.1.33/UnityEditor.TestRunner/TestLaunchers/EditModeLauncher.cs:67)
UnityEditor.TestTools.TestRunner.TestRun.Tasks.LegacyEditModeRunTask/<Execute>d__1:MoveNext () (at ./Library/PackageCache/com.unity.test-framework@1.1.33/UnityEditor.TestRunner/TestRun/Tasks/LegacyEditModeRunTask.cs:18)
UnityEditor.TestTools.TestRunner.TestRun.TestJobRunner:ExecuteStep () (at ./Library/PackageCache/com.unity.test-framework@1.1.33/UnityEditor.TestRunner/TestRun/TestJobRunner.cs:124)
UnityEditor.TestTools.TestRunner.TestRun.TestJobRunner:RunJob (UnityEditor.TestTools.TestRunner.TestRun.TestJobData) (at ./Library/PackageCache/com.unity.test-framework@1.1.33/UnityEditor.TestRunner/TestRun/TestJobRunner.cs:97)
UnityEditor.TestTools.TestRunner.Api.TestRunnerApi/<>c:<.ctor>b__11_0 (UnityEditor.TestTools.TestRunner.Api.ExecutionSettings) (at ./Library/PackageCache/com.unity.test-framework@1.1.33/UnityEditor.TestRunner/Api/TestRunnerApi.cs:45)
UnityEditor.TestTools.TestRunner.Api.TestRunnerApi:Execute (UnityEditor.TestTools.TestRunner.Api.ExecutionSettings) (at ./Library/PackageCache/com.unity.test-framework@1.1.33/UnityEditor.TestRunner/Api/TestRunnerApi.cs:71)
LotteryFantasyEditModeTestRunner:RunEnergyFeedbackTests () (at Assets/Editor/LotteryFantasyEditModeTestRunner.cs:30)

(Filename: Assets/Editor/LotteryFantasyEditModeTestRunner.cs Line: 72)

[LotteryFantasyTestRunner] TestFinished: SpinOutcomeAdvisorTests.Describe_AllDifferent_ShowsLowRollRiskAndRecoveryDecision => Passed
UnityEngine.StackTraceUtility:ExtractStackTrace ()
UnityEngine.DebugLogHandler:LogFormat (UnityEngine.LogType,UnityEngine.Object,string,object[])
UnityEngine.Logger:Log (UnityEngine.LogType,object)
UnityEngine.Debug:Log (object)
LotteryFantasyEditModeTestRunner/ResultCallbacks:TestFinished (UnityEditor.TestTools.TestRunner.Api.ITestResultAdaptor) (at Assets/Editor/LotteryFantasyEditModeTestRunner.cs:102)
UnityEditor.TestTools.TestRunner.Api.CallbacksDelegator/<>c__DisplayClass13_0:<TestFinished>b__0 (UnityEditor.TestTools.TestRunner.Api.ICallbacks) (at ./Library/PackageCache/com.unity.test-framework@1.1.33/UnityEditor.TestRunner/Api/CallbacksDelegator.cs:92)
UnityEditor.TestTools.TestRunner.Api.CallbacksDelegator:TryInvokeAllCallbacks (System.Action`1<UnityEditor.TestTools.TestRunner.Api.ICallbacks>) (at ./Library/PackageCache/com.unity.test-framework@1.1.33/UnityEditor.TestRunner/Api/CallbacksDelegator.cs:122)
UnityEditor.TestTools.TestRunner.Api.CallbacksDelegator:TestFinished (NUnit.Framework.Interfaces.ITestResult) (at ./Library/PackageCache/com.unity.test-framework@1.1.33/UnityEditor.TestRunner/Api/CallbacksDelegator.cs:92)
UnityEditor.TestTools.TestRunner.Api.CallbacksDelegatorListener:TestFinished (NUnit.Framework.Interfaces.ITestResult) (at ./Library/PackageCache/com.unity.test-framework@1.1.33/UnityEditor.TestRunner/Api/CallbacksDelegatorListener.cs:25)
UnityEngine.Events.InvokableCall`1<NUnit.Framework.Interfaces.ITestResult>:Invoke (NUnit.Framework.Interfaces.ITestResult)
UnityEngine.Events.UnityEvent`1<NUnit.Framework.Interfaces.ITestResult>:Invoke (NUnit.Framework.Interfaces.ITestResult)
UnityEngine.TestTools.TestRunner.TestListenerWrapper:TestFinished (NUnit.Framework.Interfaces.ITestResult) (at ./Library/PackageCache/com.unity.test-framework@1.1.33/UnityEngine.TestRunner/TestRunner/TestListenerWrapper.cs:23)
UnityEngine.TestRunner.NUnitExtensions.Runner.UnityWorkItem:WorkItemComplete () (at ./Library/PackageCache/com.unity.test-framework@1.1.33/UnityEngine.TestRunner/NUnitExtensions/Runner/UnityWorkItem.cs:102)
UnityEngine.TestRunner.NUnitExtensions.Runner.DefaultTestWorkItem/<PerformWork>d__2:<>m__Finally1 () (at ./Library/PackageCache/com.unity.test-framework@1.1.33/UnityEngine.TestRunner/NUnitExtensions/Runner/DefaultTestWorkItem.cs:94)
UnityEngine.TestRunner.NUnitExtensions.Runner.DefaultTestWorkItem/<PerformWork>d__2:MoveNext () (at ./Library/PackageCache/com.unity.test-framework@1.1.33/UnityEngine.TestRunner/NUnitExtensions/Runner/DefaultTestWorkItem.cs:91)
UnityEngine.TestRunner.NUnitExtensions.Runner.CompositeWorkItem/<RunChildren>d__16:MoveNext () (at ./Library/PackageCache/com.unity.test-framework@1.1.33/UnityEngine.TestRunner/NUnitExtensions/Runner/CompositeWorkItem.cs:198)
UnityEngine.TestRunner.NUnitExtensions.Runner.CompositeWorkItem/<PerformWork>d__12:MoveNext () (at ./Library/PackageCache/com.unity.test-framework@1.1.33/UnityEngine.TestRunner/NUnitExtensions/Runner/CompositeWorkItem.cs:77)
UnityEngine.TestRunner.NUnitExtensions.Runner.CompositeWorkItem/<RunChildren>d__16:MoveNext () (at ./Library/PackageCache/com.unity.test-framework@1.1.33/UnityEngine.TestRunner/NUnitExtensions/Runner/CompositeWorkItem.cs:198)
UnityEngine.TestRunner.NUnitExtensions.Runner.CompositeWorkItem/<PerformWork>d__12:MoveNext () (at ./Library/PackageCache/com.unity.test-framework@1.1.33/UnityEngine.TestRunner/NUnitExtensions/Runner/CompositeWorkItem.cs:77)
UnityEngine.TestRunner.NUnitExtensions.Runner.CompositeWorkItem/<RunChildren>d__16:MoveNext () (at ./Library/PackageCache/com.unity.test-framework@1.1.33/UnityEngine.TestRunner/NUnitExtensions/Runner/CompositeWorkItem.cs:198)
UnityEngine.TestRunner.NUnitExtensions.Runner.CompositeWorkItem/<PerformWork>d__12:MoveNext () (at ./Library/PackageCache/com.unity.test-framework@1.1.33/UnityEngine.TestRunner/NUnitExtensions/Runner/CompositeWorkItem.cs:77)
UnityEditor.TestTools.TestRunner.EditModeRunner:MoveNextAndUpdateYieldObject () (at ./Library/PackageCache/com.unity.test-framework@1.1.33/UnityEditor.TestRunner/TestRunner/EditModeRunner.cs:246)
UnityEditor.TestTools.TestRunner.EditModeRunner:TestConsumer () (at ./Library/PackageCache/com.unity.test-framework@1.1.33/UnityEditor.TestRunner/TestRunner/EditModeRunner.cs:279)
UnityEditor.TestTools.TestRunner.EditModeRunner:CompleteSynchronously () (at ./Library/PackageCache/com.unity.test-framework@1.1.33/UnityEditor.TestRunner/TestRunner/EditModeRunner.cs:210)
UnityEditor.TestTools.TestRunner.EditModeLauncher:Run () (at ./Library/PackageCache/com.unity.test-framework@1.1.33/UnityEditor.TestRunner/TestLaunchers/EditModeLauncher.cs:72)
UnityEditor.TestTools.TestRunner.TestRun.Tasks.LegacyEditModeRunTask/<Execute>d__1:MoveNext () (at ./Library/PackageCache/com.unity.test-framework@1.1.33/UnityEditor.TestRunner/TestRun/Tasks/LegacyEditModeRunTask.cs:18)
UnityEditor.TestTools.TestRunner.TestRun.TestJobRunner:ExecuteStep () (at ./Library/PackageCache/com.unity.test-framework@1.1.33/UnityEditor.TestRunner/TestRun/TestJobRunner.cs:124)
UnityEditor.TestTools.TestRunner.TestRun.TestJobRunner:RunJob (UnityEditor.TestTools.TestRunner.TestRun.TestJobData) (at ./Library/PackageCache/com.unity.test-framework@1.1.33/UnityEditor.TestRunner/TestRun/TestJobRunner.cs:97)
UnityEditor.TestTools.TestRunner.Api.TestRunnerApi/<>c:<.ctor>b__11_0 (UnityEditor.TestTools.TestRunner.Api.ExecutionSettings) (at ./Library/PackageCache/com.unity.test-framework@1.1.33/UnityEditor.TestRunner/Api/TestRunnerApi.cs:45)
UnityEditor.TestTools.TestRunner.Api.TestRunnerApi:Execute (UnityEditor.TestTools.TestRunner.Api.ExecutionSettings) (at ./Library/PackageCache/com.unity.test-framework@1.1.33/UnityEditor.TestRunner/Api/TestRunnerApi.cs:71)
LotteryFantasyEditModeTestRunner:RunEnergyFeedbackTests () (at Assets/Editor/LotteryFantasyEditModeTestRunner.cs:30)

(Filename: Assets/Editor/LotteryFantasyEditModeTestRunner.cs Line: 102)

[LotteryFantasyTestRunner] TestFinished: SpinOutcomeAdvisorTests.Describe_DoubleIron_ShowsDefenseDecisionBecomesSafer => Passed
UnityEngine.StackTraceUtility:ExtractStackTrace ()
UnityEngine.DebugLogHandler:LogFormat (UnityEngine.LogType,UnityEngine.Object,string,object[])
UnityEngine.Logger:Log (UnityEngine.LogType,object)
UnityEngine.Debug:Log (object)
LotteryFantasyEditModeTestRunner/ResultCallbacks:TestFinished (UnityEditor.TestTools.TestRunner.Api.ITestResultAdaptor) (at Assets/Editor/LotteryFantasyEditModeTestRunner.cs:102)
UnityEditor.TestTools.TestRunner.Api.CallbacksDelegator/<>c__DisplayClass13_0:<TestFinished>b__0 (UnityEditor.TestTools.TestRunner.Api.ICallbacks) (at ./Library/PackageCache/com.unity.test-framework@1.1.33/UnityEditor.TestRunner/Api/CallbacksDelegator.cs:92)
UnityEditor.TestTools.TestRunner.Api.CallbacksDelegator:TryInvokeAllCallbacks (System.Action`1<UnityEditor.TestTools.TestRunner.Api.ICallbacks>) (at ./Library/PackageCache/com.unity.test-framework@1.1.33/UnityEditor.TestRunner/Api/CallbacksDelegator.cs:122)
UnityEditor.TestTools.TestRunner.Api.CallbacksDelegator:TestFinished (NUnit.Framework.Interfaces.ITestResult) (at ./Library/PackageCache/com.unity.test-framework@1.1.33/UnityEditor.TestRunner/Api/CallbacksDelegator.cs:92)
UnityEditor.TestTools.TestRunner.Api.CallbacksDelegatorListener:TestFinished (NUnit.Framework.Interfaces.ITestResult) (at ./Library/PackageCache/com.unity.test-framework@1.1.33/UnityEditor.TestRunner/Api/CallbacksDelegatorListener.cs:25)
UnityEngine.Events.InvokableCall`1<NUnit.Framework.Interfaces.ITestResult>:Invoke (NUnit.Framework.Interfaces.ITestResult)
UnityEngine.Events.UnityEvent`1<NUnit.Framework.Interfaces.ITestResult>:Invoke (NUnit.Framework.Interfaces.ITestResult)
UnityEngine.TestTools.TestRunner.TestListenerWrapper:TestFinished (NUnit.Framework.Interfaces.ITestResult) (at ./Library/PackageCache/com.unity.test-framework@1.1.33/UnityEngine.TestRunner/TestRunner/TestListenerWrapper.cs:23)
UnityEngine.TestRunner.NUnitExtensions.Runner.UnityWorkItem:WorkItemComplete () (at ./Library/PackageCache/com.unity.test-framework@1.1.33/UnityEngine.TestRunner/NUnitExtensions/Runner/UnityWorkItem.cs:102)
UnityEngine.TestRunner.NUnitExtensions.Runner.DefaultTestWorkItem/<PerformWork>d__2:<>m__Finally1 () (at ./Library/PackageCache/com.unity.test-framework@1.1.33/UnityEngine.TestRunner/NUnitExtensions/Runner/DefaultTestWorkItem.cs:94)
UnityEngine.TestRunner.NUnitExtensions.Runner.DefaultTestWorkItem/<PerformWork>d__2:MoveNext () (at ./Library/PackageCache/com.unity.test-framework@1.1.33/UnityEngine.TestRunner/NUnitExtensions/Runner/DefaultTestWorkItem.cs:91)
UnityEngine.TestRunner.NUnitExtensions.Runner.CompositeWorkItem/<RunChildren>d__16:MoveNext () (at ./Library/PackageCache/com.unity.test-framework@1.1.33/UnityEngine.TestRunner/NUnitExtensions/Runner/CompositeWorkItem.cs:198)
UnityEngine.TestRunner.NUnitExtensions.Runner.CompositeWorkItem/<PerformWork>d__12:MoveNext () (at ./Library/PackageCache/com.unity.test-framework@1.1.33/UnityEngine.TestRunner/NUnitExtensions/Runner/CompositeWorkItem.cs:77)
UnityEngine.TestRunner.NUnitExtensions.Runner.CompositeWorkItem/<RunChildren>d__16:MoveNext () (at ./Library/PackageCache/com.unity.test-framework@1.1.33/UnityEngine.TestRunner/NUnitExtensions/Runner/CompositeWorkItem.cs:198)
UnityEngine.TestRunner.NUnitExtensions.Runner.CompositeWorkItem/<PerformWork>d__12:MoveNext () (at ./Library/PackageCache/com.unity.test-framework@1.1.33/UnityEngine.TestRunner/NUnitExtensions/Runner/CompositeWorkItem.cs:77)
UnityEngine.TestRunner.NUnitExtensions.Runner.CompositeWorkItem/<RunChildren>d__16:MoveNext () (at ./Library/PackageCache/com.unity.test-framework@1.1.33/UnityEngine.TestRunner/NUnitExtensions/Runner/CompositeWorkItem.cs:198)
UnityEngine.TestRunner.NUnitExtensions.Runner.CompositeWorkItem/<PerformWork>d__12:MoveNext () (at ./Library/PackageCache/com.unity.test-framework@1.1.33/UnityEngine.TestRunner/NUnitExtensions/Runner/CompositeWorkItem.cs:77)
UnityEditor.TestTools.TestRunner.EditModeRunner:MoveNextAndUpdateYieldObject () (at ./Library/PackageCache/com.unity.test-framework@1.1.33/UnityEditor.TestRunner/TestRunner/EditModeRunner.cs:246)
UnityEditor.TestTools.TestRunner.EditModeRunner:TestConsumer () (at ./Library/PackageCache/com.unity.test-framework@1.1.33/UnityEditor.TestRunner/TestRunner/EditModeRunner.cs:279)
UnityEditor.TestTools.TestRunner.EditModeRunner:CompleteSynchronously () (at ./Library/PackageCache/com.unity.test-framework@1.1.33/UnityEditor.TestRunner/TestRunner/EditModeRunner.cs:210)
UnityEditor.TestTools.TestRunner.EditModeLauncher:Run () (at ./Library/PackageCache/com.unity.test-framework@1.1.33/UnityEditor.TestRunner/TestLaunchers/EditModeLauncher.cs:72)
UnityEditor.TestTools.TestRunner.TestRun.Tasks.LegacyEditModeRunTask/<Execute>d__1:MoveNext () (at ./Library/PackageCache/com.unity.test-framework@1.1.33/UnityEditor.TestRunner/TestRun/Tasks/LegacyEditModeRunTask.cs:18)
UnityEditor.TestTools.TestRunner.TestRun.TestJobRunner:ExecuteStep () (at ./Library/PackageCache/com.unity.test-framework@1.1.33/UnityEditor.TestRunner/TestRun/TestJobRunner.cs:124)
UnityEditor.TestTools.TestRunner.TestRun.TestJobRunner:RunJob (UnityEditor.TestTools.TestRunner.TestRun.TestJobData) (at ./Library/PackageCache/com.unity.test-framework@1.1.33/UnityEditor.TestRunner/TestRun/TestJobRunner.cs:97)
UnityEditor.TestTools.TestRunner.Api.TestRunnerApi/<>c:<.ctor>b__11_0 (UnityEditor.TestTools.TestRunner.Api.ExecutionSettings) (at ./Library/PackageCache/com.unity.test-framework@1.1.33/UnityEditor.TestRunner/Api/TestRunnerApi.cs:45)
UnityEditor.TestTools.TestRunner.Api.TestRunnerApi:Execute (UnityEditor.TestTools.TestRunner.Api.ExecutionSettings) (at ./Library/PackageCache/com.unity.test-framework@1.1.33/UnityEditor.TestRunner/Api/TestRunnerApi.cs:71)
LotteryFantasyEditModeTestRunner:RunEnergyFeedbackTests () (at Assets/Editor/LotteryFantasyEditModeTestRunner.cs:30)

(Filename: Assets/Editor/LotteryFantasyEditModeTestRunner.cs Line: 102)

[LotteryFantasyTestRunner] TestFinished: SpinOutcomeAdvisorTests.Describe_DoubleLife_ShowsRecoveryDecisionInsteadOfAttackDecision => Passed
UnityEngine.StackTraceUtility:ExtractStackTrace ()
UnityEngine.DebugLogHandler:LogFormat (UnityEngine.LogType,UnityEngine.Object,string,object[])
UnityEngine.Logger:Log (UnityEngine.LogType,object)
UnityEngine.Debug:Log (object)
LotteryFantasyEditModeTestRunner/ResultCallbacks:TestFinished (UnityEditor.TestTools.TestRunner.Api.ITestResultAdaptor) (at Assets/Editor/LotteryFantasyEditModeTestRunner.cs:102)
UnityEditor.TestTools.TestRunner.Api.CallbacksDelegator/<>c__DisplayClass13_0:<TestFinished>b__0 (UnityEditor.TestTools.TestRunner.Api.ICallbacks) (at ./Library/PackageCache/com.unity.test-framework@1.1.33/UnityEditor.TestRunner/Api/CallbacksDelegator.cs:92)
UnityEditor.TestTools.TestRunner.Api.CallbacksDelegator:TryInvokeAllCallbacks (System.Action`1<UnityEditor.TestTools.TestRunner.Api.ICallbacks>) (at ./Library/PackageCache/com.unity.test-framework@1.1.33/UnityEditor.TestRunner/Api/CallbacksDelegator.cs:122)
UnityEditor.TestTools.TestRunner.Api.CallbacksDelegator:TestFinished (NUnit.Framework.Interfaces.ITestResult) (at ./Library/PackageCache/com.unity.test-framework@1.1.33/UnityEditor.TestRunner/Api/CallbacksDelegator.cs:92)
UnityEditor.TestTools.TestRunner.Api.CallbacksDelegatorListener:TestFinished (NUnit.Framework.Interfaces.ITestResult) (at ./Library/PackageCache/com.unity.test-framework@1.1.33/UnityEditor.TestRunner/Api/CallbacksDelegatorListener.cs:25)
UnityEngine.Events.InvokableCall`1<NUnit.Framework.Interfaces.ITestResult>:Invoke (NUnit.Framework.Interfaces.ITestResult)
UnityEngine.Events.UnityEvent`1<NUnit.Framework.Interfaces.ITestResult>:Invoke (NUnit.Framework.Interfaces.ITestResult)
UnityEngine.TestTools.TestRunner.TestListenerWrapper:TestFinished (NUnit.Framework.Interfaces.ITestResult) (at ./Library/PackageCache/com.unity.test-framework@1.1.33/UnityEngine.TestRunner/TestRunner/TestListenerWrapper.cs:23)
UnityEngine.TestRunner.NUnitExtensions.Runner.UnityWorkItem:WorkItemComplete () (at ./Library/PackageCache/com.unity.test-framework@1.1.33/UnityEngine.TestRunner/NUnitExtensions/Runner/UnityWorkItem.cs:102)
UnityEngine.TestRunner.NUnitExtensions.Runner.DefaultTestWorkItem/<PerformWork>d__2:<>m__Finally1 () (at ./Library/PackageCache/com.unity.test-framework@1.1.33/UnityEngine.TestRunner/NUnitExtensions/Runner/DefaultTestWorkItem.cs:94)
UnityEngine.TestRunner.NUnitExtensions.Runner.DefaultTestWorkItem/<PerformWork>d__2:MoveNext () (at ./Library/PackageCache/com.unity.test-framework@1.1.33/UnityEngine.TestRunner/NUnitExtensions/Runner/DefaultTestWorkItem.cs:91)
UnityEngine.TestRunner.NUnitExtensions.Runner.CompositeWorkItem/<RunChildren>d__16:MoveNext () (at ./Library/PackageCache/com.unity.test-framework@1.1.33/UnityEngine.TestRunner/NUnitExtensions/Runner/CompositeWorkItem.cs:198)
UnityEngine.TestRunner.NUnitExtensions.Runner.CompositeWorkItem/<PerformWork>d__12:MoveNext () (at ./Library/PackageCache/com.unity.test-framework@1.1.33/UnityEngine.TestRunner/NUnitExtensions/Runner/CompositeWorkItem.cs:77)
UnityEngine.TestRunner.NUnitExtensions.Runner.CompositeWorkItem/<RunChildren>d__16:MoveNext () (at ./Library/PackageCache/com.unity.test-framework@1.1.33/UnityEngine.TestRunner/NUnitExtensions/Runner/CompositeWorkItem.cs:198)
UnityEngine.TestRunner.NUnitExtensions.Runner.CompositeWorkItem/<PerformWork>d__12:MoveNext () (at ./Library/PackageCache/com.unity.test-framework@1.1.33/UnityEngine.TestRunner/NUnitExtensions/Runner/CompositeWorkItem.cs:77)
UnityEngine.TestRunner.NUnitExtensions.Runner.CompositeWorkItem/<RunChildren>d__16:MoveNext () (at ./Library/PackageCache/com.unity.test-framework@1.1.33/UnityEngine.TestRunner/NUnitExtensions/Runner/CompositeWorkItem.cs:198)
UnityEngine.TestRunner.NUnitExtensions.Runner.CompositeWorkItem/<PerformWork>d__12:MoveNext () (at ./Library/PackageCache/com.unity.test-framework@1.1.33/UnityEngine.TestRunner/NUnitExtensions/Runner/CompositeWorkItem.cs:77)
UnityEditor.TestTools.TestRunner.EditModeRunner:MoveNextAndUpdateYieldObject () (at ./Library/PackageCache/com.unity.test-framework@1.1.33/UnityEditor.TestRunner/TestRunner/EditModeRunner.cs:246)
UnityEditor.TestTools.TestRunner.EditModeRunner:TestConsumer () (at ./Library/PackageCache/com.unity.test-framework@1.1.33/UnityEditor.TestRunner/TestRunner/EditModeRunner.cs:279)
UnityEditor.TestTools.TestRunner.EditModeRunner:CompleteSynchronously () (at ./Library/PackageCache/com.unity.test-framework@1.1.33/UnityEditor.TestRunner/TestRunner/EditModeRunner.cs:210)
UnityEditor.TestTools.TestRunner.EditModeLauncher:Run () (at ./Library/PackageCache/com.unity.test-framework@1.1.33/UnityEditor.TestRunner/TestLaunchers/EditModeLauncher.cs:72)
UnityEditor.TestTools.TestRunner.TestRun.Tasks.LegacyEditModeRunTask/<Execute>d__1:MoveNext () (at ./Library/PackageCache/com.unity.test-framework@1.1.33/UnityEditor.TestRunner/TestRun/Tasks/LegacyEditModeRunTask.cs:18)
UnityEditor.TestTools.TestRunner.TestRun.TestJobRunner:ExecuteStep () (at ./Library/PackageCache/com.unity.test-framework@1.1.33/UnityEditor.TestRunner/TestRun/TestJobRunner.cs:124)
UnityEditor.TestTools.TestRunner.TestRun.TestJobRunner:RunJob (UnityEditor.TestTools.TestRunner.TestRun.TestJobData) (at ./Library/PackageCache/com.unity.test-framework@1.1.33/UnityEditor.TestRunner/TestRun/TestJobRunner.cs:97)
UnityEditor.TestTools.TestRunner.Api.TestRunnerApi/<>c:<.ctor>b__11_0 (UnityEditor.TestTools.TestRunner.Api.ExecutionSettings) (at ./Library/PackageCache/com.unity.test-framework@1.1.33/UnityEditor.TestRunner/Api/TestRunnerApi.cs:45)
UnityEditor.TestTools.TestRunner.Api.TestRunnerApi:Execute (UnityEditor.TestTools.TestRunner.Api.ExecutionSettings) (at ./Library/PackageCache/com.unity.test-framework@1.1.33/UnityEditor.TestRunner/Api/TestRunnerApi.cs:71)
LotteryFantasyEditModeTestRunner:RunEnergyFeedbackTests () (at Assets/Editor/LotteryFantasyEditModeTestRunner.cs:30)

(Filename: Assets/Editor/LotteryFantasyEditModeTestRunner.cs Line: 102)

[LotteryFantasyTestRunner] TestFinished: SpinOutcomeAdvisorTests.Describe_TripleFire_ShowsStrategicChangeAndNextAttackDecision => Passed
UnityEngine.StackTraceUtility:ExtractStackTrace ()
UnityEngine.DebugLogHandler:LogFormat (UnityEngine.LogType,UnityEngine.Object,string,object[])
UnityEngine.Logger:Log (UnityEngine.LogType,object)
UnityEngine.Debug:Log (object)
LotteryFantasyEditModeTestRunner/ResultCallbacks:TestFinished (UnityEditor.TestTools.TestRunner.Api.ITestResultAdaptor) (at Assets/Editor/LotteryFantasyEditModeTestRunner.cs:102)
UnityEditor.TestTools.TestRunner.Api.CallbacksDelegator/<>c__DisplayClass13_0:<TestFinished>b__0 (UnityEditor.TestTools.TestRunner.Api.ICallbacks) (at ./Library/PackageCache/com.unity.test-framework@1.1.33/UnityEditor.TestRunner/Api/CallbacksDelegator.cs:92)
UnityEditor.TestTools.TestRunner.Api.CallbacksDelegator:TryInvokeAllCallbacks (System.Action`1<UnityEditor.TestTools.TestRunner.Api.ICallbacks>) (at ./Library/PackageCache/com.unity.test-framework@1.1.33/UnityEditor.TestRunner/Api/CallbacksDelegator.cs:122)
UnityEditor.TestTools.TestRunner.Api.CallbacksDelegator:TestFinished (NUnit.Framework.Interfaces.ITestResult) (at ./Library/PackageCache/com.unity.test-framework@1.1.33/UnityEditor.TestRunner/Api/CallbacksDelegator.cs:92)
UnityEditor.TestTools.TestRunner.Api.CallbacksDelegatorListener:TestFinished (NUnit.Framework.Interfaces.ITestResult) (at ./Library/PackageCache/com.unity.test-framework@1.1.33/UnityEditor.TestRunner/Api/CallbacksDelegatorListener.cs:25)
UnityEngine.Events.InvokableCall`1<NUnit.Framework.Interfaces.ITestResult>:Invoke (NUnit.Framework.Interfaces.ITestResult)
UnityEngine.Events.UnityEvent`1<NUnit.Framework.Interfaces.ITestResult>:Invoke (NUnit.Framework.Interfaces.ITestResult)
UnityEngine.TestTools.TestRunner.TestListenerWrapper:TestFinished (NUnit.Framework.Interfaces.ITestResult) (at ./Library/PackageCache/com.unity.test-framework@1.1.33/UnityEngine.TestRunner/TestRunner/TestListenerWrapper.cs:23)
UnityEngine.TestRunner.NUnitExtensions.Runner.UnityWorkItem:WorkItemComplete () (at ./Library/PackageCache/com.unity.test-framework@1.1.33/UnityEngine.TestRunner/NUnitExtensions/Runner/UnityWorkItem.cs:102)
UnityEngine.TestRunner.NUnitExtensions.Runner.DefaultTestWorkItem/<PerformWork>d__2:<>m__Finally1 () (at ./Library/PackageCache/com.unity.test-framework@1.1.33/UnityEngine.TestRunner/NUnitExtensions/Runner/DefaultTestWorkItem.cs:94)
UnityEngine.TestRunner.NUnitExtensions.Runner.DefaultTestWorkItem/<PerformWork>d__2:MoveNext () (at ./Library/PackageCache/com.unity.test-framework@1.1.33/UnityEngine.TestRunner/NUnitExtensions/Runner/DefaultTestWorkItem.cs:91)
UnityEngine.TestRunner.NUnitExtensions.Runner.CompositeWorkItem/<RunChildren>d__16:MoveNext () (at ./Library/PackageCache/com.unity.test-framework@1.1.33/UnityEngine.TestRunner/NUnitExtensions/Runner/CompositeWorkItem.cs:198)
UnityEngine.TestRunner.NUnitExtensions.Runner.CompositeWorkItem/<PerformWork>d__12:MoveNext () (at ./Library/PackageCache/com.unity.test-framework@1.1.33/UnityEngine.TestRunner/NUnitExtensions/Runner/CompositeWorkItem.cs:77)
UnityEngine.TestRunner.NUnitExtensions.Runner.CompositeWorkItem/<RunChildren>d__16:MoveNext () (at ./Library/PackageCache/com.unity.test-framework@1.1.33/UnityEngine.TestRunner/NUnitExtensions/Runner/CompositeWorkItem.cs:198)
UnityEngine.TestRunner.NUnitExtensions.Runner.CompositeWorkItem/<PerformWork>d__12:MoveNext () (at ./Library/PackageCache/com.unity.test-framework@1.1.33/UnityEngine.TestRunner/NUnitExtensions/Runner/CompositeWorkItem.cs:77)
UnityEngine.TestRunner.NUnitExtensions.Runner.CompositeWorkItem/<RunChildren>d__16:MoveNext () (at ./Library/PackageCache/com.unity.test-framework@1.1.33/UnityEngine.TestRunner/NUnitExtensions/Runner/CompositeWorkItem.cs:198)
UnityEngine.TestRunner.NUnitExtensions.Runner.CompositeWorkItem/<PerformWork>d__12:MoveNext () (at ./Library/PackageCache/com.unity.test-framework@1.1.33/UnityEngine.TestRunner/NUnitExtensions/Runner/CompositeWorkItem.cs:77)
UnityEditor.TestTools.TestRunner.EditModeRunner:MoveNextAndUpdateYieldObject () (at ./Library/PackageCache/com.unity.test-framework@1.1.33/UnityEditor.TestRunner/TestRunner/EditModeRunner.cs:246)
UnityEditor.TestTools.TestRunner.EditModeRunner:TestConsumer () (at ./Library/PackageCache/com.unity.test-framework@1.1.33/UnityEditor.TestRunner/TestRunner/EditModeRunner.cs:279)
UnityEditor.TestTools.TestRunner.EditModeRunner:CompleteSynchronously () (at ./Library/PackageCache/com.unity.test-framework@1.1.33/UnityEditor.TestRunner/TestRunner/EditModeRunner.cs:210)
UnityEditor.TestTools.TestRunner.EditModeLauncher:Run () (at ./Library/PackageCache/com.unity.test-framework@1.1.33/UnityEditor.TestRunner/TestLaunchers/EditModeLauncher.cs:72)
UnityEditor.TestTools.TestRunner.TestRun.Tasks.LegacyEditModeRunTask/<Execute>d__1:MoveNext () (at ./Library/PackageCache/com.unity.test-framework@1.1.33/UnityEditor.TestRunner/TestRun/Tasks/LegacyEditModeRunTask.cs:18)
UnityEditor.TestTools.TestRunner.TestRun.TestJobRunner:ExecuteStep () (at ./Library/PackageCache/com.unity.test-framework@1.1.33/UnityEditor.TestRunner/TestRun/TestJobRunner.cs:124)
UnityEditor.TestTools.TestRunner.TestRun.TestJobRunner:RunJob (UnityEditor.TestTools.TestRunner.TestRun.TestJobData) (at ./Library/PackageCache/com.unity.test-framework@1.1.33/UnityEditor.TestRunner/TestRun/TestJobRunner.cs:97)
UnityEditor.TestTools.TestRunner.Api.TestRunnerApi/<>c:<.ctor>b__11_0 (UnityEditor.TestTools.TestRunner.Api.ExecutionSettings) (at ./Library/PackageCache/com.unity.test-framework@1.1.33/UnityEditor.TestRunner/Api/TestRunnerApi.cs:45)
UnityEditor.TestTools.TestRunner.Api.TestRunnerApi:Execute (UnityEditor.TestTools.TestRunner.Api.ExecutionSettings) (at ./Library/PackageCache/com.unity.test-framework@1.1.33/UnityEditor.TestRunner/Api/TestRunnerApi.cs:71)
LotteryFantasyEditModeTestRunner:RunEnergyFeedbackTests () (at Assets/Editor/LotteryFantasyEditModeTestRunner.cs:30)

(Filename: Assets/Editor/LotteryFantasyEditModeTestRunner.cs Line: 102)

[PhysX] Initialized MultithreadedTaskDispatcher with 12 workers.
Unloading 0 Unused Serialized files (Serialized files now loaded: 0)
Unloading 0 unused Assets / (0 B). Loaded Objects now: 6673.
Memory consumption went from 165.3 MB to 165.3 MB.
Total: 5.018900 ms (FindLiveObjects: 0.247700 ms CreateObjectMapping: 0.119800 ms MarkObjects: 4.639800 ms  DeleteObjects: 0.010700 ms)

[LotteryFantasyTestRunner] Wrote XML: C:\Development\14_LT\LotteryFantasy\TestResults-SpinOutcomeAdvisor-commit-fixed.xml
UnityEngine.StackTraceUtility:ExtractStackTrace ()
UnityEngine.DebugLogHandler:LogFormat (UnityEngine.LogType,UnityEngine.Object,string,object[])
UnityEngine.Logger:Log (UnityEngine.LogType,object)
UnityEngine.Debug:Log (object)
LotteryFantasyEditModeTestRunner/ResultCallbacks:RunFinished (UnityEditor.TestTools.TestRunner.Api.ITestResultAdaptor) (at Assets/Editor/LotteryFantasyEditModeTestRunner.cs:94)
UnityEditor.TestTools.TestRunner.Api.CallbacksDelegator/<>c__DisplayClass8_0:<RunFinished>b__0 (UnityEditor.TestTools.TestRunner.Api.ICallbacks) (at ./Library/PackageCache/com.unity.test-framework@1.1.33/UnityEditor.TestRunner/Api/CallbacksDelegator.cs:52)
UnityEditor.TestTools.TestRunner.Api.CallbacksDelegator:TryInvokeAllCallbacks (System.Action`1<UnityEditor.TestTools.TestRunner.Api.ICallbacks>) (at ./Library/PackageCache/com.unity.test-framework@1.1.33/UnityEditor.TestRunner/Api/CallbacksDelegator.cs:122)
UnityEditor.TestTools.TestRunner.Api.CallbacksDelegator:RunFinished (NUnit.Framework.Interfaces.ITestResult) (at ./Library/PackageCache/com.unity.test-framework@1.1.33/UnityEditor.TestRunner/Api/CallbacksDelegator.cs:52)
UnityEditor.TestTools.TestRunner.Api.CallbacksDelegatorListener:RunFinished (NUnit.Framework.Interfaces.ITestResult) (at ./Library/PackageCache/com.unity.test-framework@1.1.33/UnityEditor.TestRunner/Api/CallbacksDelegatorListener.cs:15)
UnityEngine.Events.InvokableCall`1<NUnit.Framework.Interfaces.ITestResult>:Invoke (NUnit.Framework.Interfaces.ITestResult)
UnityEngine.Events.UnityEvent`1<NUnit.Framework.Interfaces.ITestResult>:Invoke (NUnit.Framework.Interfaces.ITestResult)
UnityEditor.TestTools.TestRunner.EditModeRunner:CompleteTestRun () (at ./Library/PackageCache/com.unity.test-framework@1.1.33/UnityEditor.TestRunner/TestRunner/EditModeRunner.cs:305)
UnityEditor.TestTools.TestRunner.EditModeRunner:TestConsumer () (at ./Library/PackageCache/com.unity.test-framework@1.1.33/UnityEditor.TestRunner/TestRunner/EditModeRunner.cs:294)
UnityEditor.TestTools.TestRunner.EditModeRunner:CompleteSynchronously () (at ./Library/PackageCache/com.unity.test-framework@1.1.33/UnityEditor.TestRunner/TestRunner/EditModeRunner.cs:210)
UnityEditor.TestTools.TestRunner.EditModeLauncher:Run () (at ./Library/PackageCache/com.unity.test-framework@1.1.33/UnityEditor.TestRunner/TestLaunchers/EditModeLauncher.cs:72)
UnityEditor.TestTools.TestRunner.TestRun.Tasks.LegacyEditModeRunTask/<Execute>d__1:MoveNext () (at ./Library/PackageCache/com.unity.test-framework@1.1.33/UnityEditor.TestRunner/TestRun/Tasks/LegacyEditModeRunTask.cs:18)
UnityEditor.TestTools.TestRunner.TestRun.TestJobRunner:ExecuteStep () (at ./Library/PackageCache/com.unity.test-framework@1.1.33/UnityEditor.TestRunner/TestRun/TestJobRunner.cs:124)
UnityEditor.TestTools.TestRunner.TestRun.TestJobRunner:RunJob (UnityEditor.TestTools.TestRunner.TestRun.TestJobData) (at ./Library/PackageCache/com.unity.test-framework@1.1.33/UnityEditor.TestRunner/TestRun/TestJobRunner.cs:97)
UnityEditor.TestTools.TestRunner.Api.TestRunnerApi/<>c:<.ctor>b__11_0 (UnityEditor.TestTools.TestRunner.Api.ExecutionSettings) (at ./Library/PackageCache/com.unity.test-framework@1.1.33/UnityEditor.TestRunner/Api/TestRunnerApi.cs:45)
UnityEditor.TestTools.TestRunner.Api.TestRunnerApi:Execute (UnityEditor.TestTools.TestRunner.Api.ExecutionSettings) (at ./Library/PackageCache/com.unity.test-framework@1.1.33/UnityEditor.TestRunner/Api/TestRunnerApi.cs:71)
LotteryFantasyEditModeTestRunner:RunEnergyFeedbackTests () (at Assets/Editor/LotteryFantasyEditModeTestRunner.cs:30)

(Filename: Assets/Editor/LotteryFantasyEditModeTestRunner.cs Line: 94)

DisplayProgressbar: Undo
[LotteryFantasyTestRunner] RunFinished: passed=4 failed=0 skipped=0 inconclusive=0 asserts=0 duration=0.035s result=Passed
UnityEngine.StackTraceUtility:ExtractStackTrace ()
UnityEngine.DebugLogHandler:LogFormat (UnityEngine.LogType,UnityEngine.Object,string,object[])
UnityEngine.Logger:Log (UnityEngine.LogType,object)
UnityEngine.Debug:Log (object)
LotteryFantasyEditModeTestRunner:RunEnergyFeedbackTests () (at Assets/Editor/LotteryFantasyEditModeTestRunner.cs:41)

(Filename: Assets/Editor/LotteryFantasyEditModeTestRunner.cs Line: 41)

Killing ADB server in 0.0672755 seconds.
Start importing ProjectSettings/ProjectSettings.asset using Guid(00000000000000004000000000000000) Importer(-1,00000000000000000000000000000000) [PhysX] Initialized MultithreadedTaskDispatcher with 12 workers.
 -> (artifact id: 'c1973fb514ac1607324d28064ff4894b') in 0.004884 seconds
Refreshing native plugins compatible for Editor in 24.14 ms, found 5 plugins.
Preloading 0 native plugins for Editor in 0.00 ms.
Asset Pipeline Refresh (id=1a18bd8105b146941978f7b2d34f9a13): Total: 0.076 seconds - Initiated by StopAssetImportingV2(NoUpdateAssetOptions)
[PhysX] Initialized MultithreadedTaskDispatcher with 12 workers.
Input System module state changed to: ShutdownInProgress.
Input System polling thread exited.
Input System module state changed to: Shutdown.
[Licensing::IpcConnector] LicenseClient-PC-54-notifications channel disconnected successfully.
[Licensing::IpcConnector] LicenseClient-PC-54 channel disconnected successfully.
Cleanup mono
abort_threads: Failed aborting id: 000000000000AD90, mono_thread_manage will ignore it

abort_threads: Failed aborting id: 0000000000005214, mono_thread_manage will ignore it

abort_threads: Failed aborting id: 000000000000AD90, mono_thread_manage will ignore it

abort_threads: Failed aborting id: 0000000000005214, mono_thread_manage will ignore it

debugger-agent: Unable to listen on 6396
[Performance] WinEditorMain                                                                                                  :        1 samples, Peak.  2.51 s (1.0x), Avg.  2.51 s, Total. 2.507 s (11.2%)
[Performance] WinEditorMain.ConfigureCrashHandler                                                                            :        1 samples, Peak.  22.6 us (1.0x), Avg.  22.6 us, Total. 22.60 us (0.0%)
[Performance] WinEditorMain.CurlRequestInitialize                                                                            :        1 samples, Peak.  2.86 ms (1.0x), Avg.  2.86 ms, Total. 2.856 ms (0.0%)
[Performance] WinEditorMain.SetupLogFile                                                                                     :        1 samples, Peak.   452 us (1.0x), Avg.   452 us, Total. 451.5 us (0.0%)
[Performance] WinEditorMain.RunNativeTestsIfRequiredAndExit                                                                  :        1 samples, Peak.   200 ns (1.0x), Avg.   200 ns, Total. 200.0 ns (0.0%)
[Performance] WinEditorMain.Licensing                                                                                        :        1 samples, Peak.  2.46 s (1.0x), Avg.  2.46 s, Total. 2.456 s (11.0%)
[Performance] WinEditorMain.InitializeCrashHandler                                                                           :        1 samples, Peak.  23.5 ms (1.0x), Avg.  23.5 ms, Total. 23.46 ms (0.1%)
[Performance] WinEditorMain.CreateApplication                                                                                :        1 samples, Peak.  20.3 ms (1.0x), Avg.  20.3 ms, Total. 20.29 ms (0.1%)
[Performance] Application.InitializeProject                                                                                  :        1 samples, Peak.  17.0 s (1.0x), Avg.  17.0 s, Total. 16.99 s (76.1%)
[Performance] Application.PackageManager.StartServer                                                                         :        1 samples, Peak.  15.4 ms (1.0x), Avg.  15.4 ms, Total. 15.43 ms (0.1%)
[Performance] Application.AcquireProjectLock                                                                                 :        1 samples, Peak.  8.08 ms (1.0x), Avg.  8.08 ms, Total. 8.080 ms (0.0%)
[Performance] Application.InitializeEngineNoGraphics                                                                         :        1 samples, Peak.  73.7 ms (1.0x), Avg.  73.7 ms, Total. 73.71 ms (0.3%)
[Performance] Application.PackageManager.Initialize                                                                          :        1 samples, Peak.   370 ms (1.0x), Avg.   370 ms, Total. 370.1 ms (1.7%)
[Performance] Connecting to Package Manager                                                                                  :       38 samples, Peak.  64.1 us (16.3x), Avg.  3.92 us, Total. 149.0 us (0.0%)
[Performance] Application.EngineGraphics.Initialize                                                                          :        1 samples, Peak.   405 ms (1.0x), Avg.   405 ms, Total. 404.9 ms (1.8%)
[Performance] Application.GI.Initialize                                                                                      :        1 samples, Peak.  6.16 ms (1.0x), Avg.  6.16 ms, Total. 6.160 ms (0.0%)
[Performance] Application.LoadAllDefaultResourcesFromEditor                                                                  :        1 samples, Peak.  1.49 ms (1.0x), Avg.  1.49 ms, Total. 1.494 ms (0.0%)
[Performance] Application.LoadMonoAssemblies                                                                                 :        1 samples, Peak.  5.68 s (1.0x), Avg.  5.68 s, Total. 5.684 s (25.5%)
[Performance] RestoreManagedReferences                                                                                       :        2 samples, Peak.  66.2 ms (2.0x), Avg.  33.1 ms, Total. 66.16 ms (0.3%)
[Performance] InitializeOnLoad DrivenRectTransformUndo                                                                       :        2 samples, Peak.   281 us (1.1x), Avg.   264 us, Total. 528.9 us (0.0%)
[Performance] InitializeOnLoad SceneSearch                                                                                   :        2 samples, Peak.  87.9 us (1.1x), Avg.  78.9 us, Total. 157.7 us (0.0%)
[Performance] InitializeOnLoad CloudBuild                                                                                    :        2 samples, Peak.  3.80 us (1.2x), Avg.  3.05 us, Total. 6.100 us (0.0%)
[Performance] InitializeOnLoad NativeFormatImporterUtility                                                                   :        2 samples, Peak.  1.69 ms (1.2x), Avg.  1.43 ms, Total. 2.870 ms (0.0%)
[Performance] InitializeOnLoad SearchService                                                                                 :        2 samples, Peak.  83.3 us (1.1x), Avg.  79.1 us, Total. 158.1 us (0.0%)
[Performance] InitializeOnLoad SettingsService                                                                               :        2 samples, Peak.  7.40 us (1.3x), Avg.  5.85 us, Total. 11.70 us (0.0%)
[Performance] InitializeOnLoad WindowLayout                                                                                  :        2 samples, Peak.   157 us (1.0x), Avg.   154 us, Total. 308.1 us (0.0%)
[Performance] InitializeOnLoad AssetStoreContext                                                                             :        2 samples, Peak.  17.0 ms (1.7x), Avg.  10.1 ms, Total. 20.14 ms (0.1%)
[Performance] InitializeOnLoad PoolManager                                                                                   :        2 samples, Peak.   492 us (1.1x), Avg.   455 us, Total. 910.4 us (0.0%)
[Performance] InitializeOnLoad MixerEffectDefinitionReloader                                                                 :        2 samples, Peak.  1.71 ms (1.1x), Avg.  1.56 ms, Total. 3.112 ms (0.0%)
[Performance] InitializeOnLoad ProjectSearch                                                                                 :        2 samples, Peak.  52.5 us (1.2x), Avg.  42.5 us, Total. 85.00 us (0.0%)
[Performance] InitializeOnLoad UISystemProfilerRenderService                                                                 :        2 samples, Peak.  5.90 us (1.2x), Avg.  5.05 us, Total. 10.10 us (0.0%)
[Performance] InitializeOnLoad EditMode                                                                                      :        2 samples, Peak.   488 us (1.3x), Avg.   384 us, Total. 768.7 us (0.0%)
[Performance] InitializeOnLoad UnityConnect                                                                                  :        2 samples, Peak.  59.8 us (1.3x), Avg.  46.1 us, Total. 92.20 us (0.0%)
[Performance] InitializeOnLoad ManagedDebugger                                                                               :        2 samples, Peak.   757 us (1.7x), Avg.   453 us, Total. 905.3 us (0.0%)
[Performance] InitializeOnLoad ShortcutIntegration                                                                           :        2 samples, Peak.   201 us (1.6x), Avg.   125 us, Total. 249.7 us (0.0%)
[Performance] InitializeOnLoad AddComponentWindow                                                                            :        2 samples, Peak.   141 us (1.2x), Avg.   117 us, Total. 233.5 us (0.0%)
[Performance] InitializeOnLoad ManagedDebuggerWindow                                                                         :        2 samples, Peak.   241 us (1.2x), Avg.   203 us, Total. 406.7 us (0.0%)
[Performance] InitializeOnLoad CacheServerWindow                                                                             :        2 samples, Peak.  14.2 us (1.0x), Avg.  13.6 us, Total. 27.20 us (0.0%)
[Performance] InitializeOnLoad PlayModeDownload                                                                              :        2 samples, Peak.  3.57 ms (1.9x), Avg.  1.85 ms, Total. 3.690 ms (0.0%)
[Performance] InitializeOnLoad MenuItems                                                                                     :        2 samples, Peak.  89.5 us (1.1x), Avg.  84.8 us, Total. 169.7 us (0.0%)
[Performance] InitializeOnLoad PrefabInstanceChangedListener                                                                 :        2 samples, Peak.   114 us (1.0x), Avg.   109 us, Total. 219.0 us (0.0%)
[Performance] InitializeOnLoad ObjectSelectorSearch                                                                          :        2 samples, Peak.   101 us (1.4x), Avg.  71.5 us, Total. 143.1 us (0.0%)
[Performance] InitializeOnLoad EditorMonitor                                                                                 :        2 samples, Peak.   760 us (1.4x), Avg.   549 us, Total. 1.098 ms (0.0%)
[Performance] InitializeOnLoad RetainedMode                                                                                  :        2 samples, Peak.  2.29 ms (1.2x), Avg.  1.90 ms, Total. 3.809 ms (0.0%)
[Performance] InitializeOnLoad EditorShaderLoader                                                                            :        2 samples, Peak.   621 us (1.1x), Avg.   566 us, Total. 1.132 ms (0.0%)
[Performance] InitializeOnLoad EditorDelegateRegistration                                                                    :        2 samples, Peak.   531 us (1.3x), Avg.   410 us, Total. 819.2 us (0.0%)
[Performance] InitializeOnLoad UIDocumentHierarchyWatcher                                                                    :        2 samples, Peak.  66.7 us (1.1x), Avg.  60.8 us, Total. 121.6 us (0.0%)
[Performance] InitializeOnLoad LiveReloadTrackerCreator                                                                      :        2 samples, Peak.   164 us (1.3x), Avg.   128 us, Total. 256.6 us (0.0%)
[Performance] InitializeOnLoad UxmlObjectEditorFactories                                                                     :        2 samples, Peak.   404 us (1.1x), Avg.   353 us, Total. 705.4 us (0.0%)
[Performance] InitializeOnLoad UXMLEditorFactories                                                                           :        2 samples, Peak.  45.7 ms (1.1x), Avg.  43.1 ms, Total. 86.11 ms (0.4%)
[Performance] InitializeOnLoad PurchasingService                                                                             :        2 samples, Peak.  5.93 ms (1.1x), Avg.  5.39 ms, Total. 10.79 ms (0.0%)
[Performance] InitializeOnLoad CloudBuildPoller                                                                              :        2 samples, Peak.   141 us (1.3x), Avg.   109 us, Total. 217.1 us (0.0%)
[Performance] InitializeOnLoad EditorGameServicesAnalytics                                                                   :        2 samples, Peak.  1.08 ms (1.5x), Avg.   725 us, Total. 1.450 ms (0.0%)
[Performance] InitializeOnLoad AnalyticsService                                                                              :        2 samples, Peak.   144 us (1.1x), Avg.   136 us, Total. 271.6 us (0.0%)
[Performance] InitializeOnLoad BuildService                                                                                  :        2 samples, Peak.   110 us (1.1x), Avg.   103 us, Total. 205.8 us (0.0%)
[Performance] InitializeOnLoad AdsService                                                                                    :        2 samples, Peak.   300 us (1.1x), Avg.   282 us, Total. 564.9 us (0.0%)
[Performance] InitializeOnLoad UDPService                                                                                    :        2 samples, Peak.   117 us (1.0x), Avg.   111 us, Total. 222.7 us (0.0%)
[Performance] InitializeOnLoad CrashService                                                                                  :        2 samples, Peak.   110 us (1.1x), Avg.   102 us, Total. 204.0 us (0.0%)
[Performance] InitializeOnLoad ServicesRepository                                                                            :        2 samples, Peak.   400 ns (1.0x), Avg.   400 ns, Total. 800.0 ns (0.0%)
[Performance] InitializeOnLoad SearchWindow                                                                                  :        2 samples, Peak.   107 us (1.2x), Avg.  90.6 us, Total. 181.3 us (0.0%)
[Performance] InitializeOnLoad CustomIndexers                                                                                :        2 samples, Peak.  12.4 ms (1.1x), Avg.  11.1 ms, Total. 22.19 ms (0.1%)
[Performance] InitializeOnLoad SearchMonitor                                                                                 :        2 samples, Peak.   757 us (1.1x), Avg.   695 us, Total. 1.391 ms (0.0%)
[Performance] InitializeOnLoad ParameterControllerEditor                                                                     :        2 samples, Peak.  19.1 us (1.1x), Avg.  17.7 us, Total. 35.40 us (0.0%)
[Performance] InitializeOnLoad LayerSettingsWindow                                                                           :        2 samples, Peak.  21.6 us (1.8x), Avg.  12.3 us, Total. 24.50 us (0.0%)
[Performance] InitializeOnLoad PackageManagerHookGUIDConverter.RegisterPackagesEventHandler                                  :        2 samples, Peak.   606 us (1.7x), Avg.   358 us, Total. 716.3 us (0.0%)
[Performance] InitializeOnLoad EditorDragAndDrop.RegisterEditorClient                                                        :        2 samples, Peak.   181 us (1.1x), Avg.   172 us, Total. 343.3 us (0.0%)
[Performance] InitializeOnLoad EditorEventCallbacks.InitializeFontAssetResourceChangeCallBacks                               :        2 samples, Peak.  1.11 ms (1.2x), Avg.   961 us, Total. 1.921 ms (0.0%)
[Performance] InitializeOnLoad SceneTemplateService.Init                                                                     :        2 samples, Peak.  1.06 ms (1.1x), Avg.   970 us, Total. 1.941 ms (0.0%)
[Performance] InitializeOnLoad DiagnosticSwitchesConsoleMessage.Init                                                         :        2 samples, Peak.  10.4 ms (1.9x), Avg.  5.50 ms, Total. 11.00 ms (0.0%)
[Performance] InitializeOnLoad PackageManagerWindow.EditorInitializedInSafeMode                                              :        2 samples, Peak.  23.0 ms (2.0x), Avg.  11.6 ms, Total. 23.14 ms (0.1%)
[Performance] InitializeOnLoad ToolShortcutContext.Init                                                                      :        2 samples, Peak.   123 us (1.2x), Avg.   107 us, Total. 213.4 us (0.0%)
[Performance] InitializeOnLoad MemoryProfilerCompilationGuard.InjectCompileGuard                                             :        2 samples, Peak.   133 us (1.3x), Avg.   101 us, Total. 202.6 us (0.0%)
[Performance] InitializeOnLoad AssetPostprocessingInternal.RefreshCustomDependencies                                         :        2 samples, Peak.  2.94 ms (1.5x), Avg.  2.00 ms, Total. 4.000 ms (0.0%)
[Performance] InitializeOnLoad SysrootManager.Initialize                                                                     :        2 samples, Peak.  12.6 us (1.2x), Avg.  10.9 us, Total. 21.80 us (0.0%)
[Performance] InitializeOnLoad ScopedRegistryAddedPopup.SubscribeToRegistriesAdded                                           :        2 samples, Peak.  5.68 ms (2.0x), Avg.  2.90 ms, Total. 5.790 ms (0.0%)
[Performance] InitializeOnLoad SceneVisibilityManager.Initialize                                                             :        2 samples, Peak.  2.87 ms (1.5x), Avg.  1.87 ms, Total. 3.745 ms (0.0%)
[Performance] InitializeOnLoad EditorWindow.Initialize                                                                       :        2 samples, Peak.   177 us (1.1x), Avg.   166 us, Total. 332.5 us (0.0%)
[Performance] AssemblyReloadEvents.afterAssemblyReload: UnityEditor.SceneTemplate.SceneTemplateService.AfterAssemblyReload   :        2 samples, Peak.  2.70 ms (1.8x), Avg.  1.46 ms, Total. 2.927 ms (0.0%)
[Performance] ProcessService.EditorAfterLoadAllAssemblies                                                                    :        2 samples, Peak.   412 us (1.3x), Avg.   306 us, Total. 611.8 us (0.0%)
[Performance] Application.ReadLicenseInfo                                                                                    :        1 samples, Peak.  14.5 ms (1.0x), Avg.  14.5 ms, Total. 14.50 ms (0.1%)
[Performance] Application.InitialRefresh                                                                                     :        1 samples, Peak.  9.29 s (1.0x), Avg.  9.29 s, Total. 9.291 s (41.6%)
[Performance] ShaderImporter.SourceAssetModified                                                                             :        2 samples, Peak.  1.00 us (1.4x), Avg.   700 ns, Total. 1.400 us (0.0%)
[Performance] ShaderIncludeImporter.SourceAssetModified                                                                      :        2 samples, Peak.   800 ns (1.1x), Avg.   700 ns, Total. 1.400 us (0.0%)
[Performance] Compiling Scripts                                                                                              :        1 samples, Peak.  2.15 s (1.0x), Avg.  2.15 s, Total. 2.148 s (9.6%)
[Performance] AssemblyReloadEvents.beforeAssemblyReload: UnityEditor.SceneTemplate.SceneTemplateService.BeforeAssemblyReload :        1 samples, Peak.   313 us (1.0x), Avg.   313 us, Total. 312.7 us (0.0%)
[Performance] PSDImporterAssetPostProcessor.OnPreprocessAsset                                                                :        2 samples, Peak.   781 us (2.0x), Avg.   395 us, Total. 790.3 us (0.0%)
[Performance] PresetManagerPostProcessor.OnPreprocessAsset                                                                   :        2 samples, Peak.   277 us (1.3x), Avg.   217 us, Total. 434.3 us (0.0%)
[Performance] CancelSplashScreenOnAssetChange.OnPreprocessAsset                                                              :        2 samples, Peak.  96.5 us (1.9x), Avg.  50.5 us, Total. 101.0 us (0.0%)
[Performance] ShaderGraphAssetPostProcessor.OnPreprocessAsset                                                                :        2 samples, Peak.   134 us (1.9x), Avg.  69.9 us, Total. 139.8 us (0.0%)
[Performance] SpritePostProcess.OnPreprocessAsset                                                                            :        2 samples, Peak.  1.59 ms (2.0x), Avg.   800 us, Total. 1.600 ms (0.0%)
[Performance] InitializeOnLoad BackgroundWatcher                                                                             :        1 samples, Peak.   121 us (1.0x), Avg.   121 us, Total. 120.6 us (0.0%)
[Performance] InitializeOnLoad UnityTestProtocolStarter                                                                      :        1 samples, Peak.   201 us (1.0x), Avg.   201 us, Total. 201.5 us (0.0%)
[Performance] InitializeOnLoad TestStarter                                                                                   :        1 samples, Peak.   378 us (1.0x), Avg.   378 us, Total. 377.7 us (0.0%)
[Performance] InitializeOnLoad RerunCallbackInitializer                                                                      :        1 samples, Peak.  3.78 ms (1.0x), Avg.  3.78 ms, Total. 3.783 ms (0.0%)
[Performance] InitializeOnLoad BurstLoader                                                                                   :        1 samples, Peak.  1.88 s (1.0x), Avg.  1.88 s, Total. 1.882 s (8.4%)
[Performance] InitializeOnLoad EditorToolManager                                                                             :        2 samples, Peak.  2.16 ms (1.8x), Avg.  1.18 ms, Total. 2.366 ms (0.0%)
[Performance] InitializeOnLoad ShadowCasterGroup2DManager                                                                    :        1 samples, Peak.  63.6 us (1.0x), Avg.  63.6 us, Total. 63.60 us (0.0%)
[Performance] InitializeOnLoad ProbeGIBaking                                                                                 :        1 samples, Peak.  2.44 ms (1.0x), Avg.  2.44 ms, Total. 2.438 ms (0.0%)
[Performance] InitializeOnLoad FilterWindow                                                                                  :        1 samples, Peak.  92.3 us (1.0x), Avg.  92.3 us, Total. 92.30 us (0.0%)
[Performance] InitializeOnLoad RealtimeProbeSubdivisionDebug                                                                 :        1 samples, Peak.   205 us (1.0x), Avg.   205 us, Total. 205.5 us (0.0%)
[Performance] InitializeOnLoad NodeClassCache                                                                                :        1 samples, Peak.  34.9 us (1.0x), Avg.  34.9 us, Total. 34.90 us (0.0%)
[Performance] InitializeOnLoad ShaderGraphMaterialsUpdater                                                                   :        2 samples, Peak.   401 us (1.7x), Avg.   231 us, Total. 462.2 us (0.0%)
[Performance] InitializeOnLoad Renderer2DAnalytics                                                                           :        1 samples, Peak.  72.4 us (1.0x), Avg.  72.4 us, Total. 72.40 us (0.0%)
[Performance] InitializeOnLoad RiderScriptEditor                                                                             :        1 samples, Peak.  9.75 ms (1.0x), Avg.  9.75 ms, Total. 9.748 ms (0.0%)
[Performance] InitializeOnLoad CallbackInitializer                                                                           :        1 samples, Peak.  1.27 ms (1.0x), Avg.  1.27 ms, Total. 1.275 ms (0.0%)
[Performance] InitializeOnLoad SpriteEditorWindow                                                                            :        1 samples, Peak.   335 us (1.0x), Avg.   335 us, Total. 334.9 us (0.0%)
[Performance] InitializeOnLoad PackageEntryPoint                                                                             :        1 samples, Peak.  69.9 ms (1.0x), Avg.  69.9 ms, Total. 69.92 ms (0.3%)
[Performance] InitializeOnLoad BackgroundImport                                                                              :        1 samples, Peak.   137 us (1.0x), Avg.   137 us, Total. 136.7 us (0.0%)
[Performance] InitializeOnLoad VSUsageUtility                                                                                :        1 samples, Peak.  20.4 ms (1.0x), Avg.  20.4 ms, Total. 20.36 ms (0.1%)
[Performance] InitializeOnLoad VisualStudioEditor                                                                            :        1 samples, Peak.  9.07 ms (1.0x), Avg.  9.07 ms, Total. 9.070 ms (0.0%)
[Performance] InitializeOnLoad TestRunnerApiListener                                                                         :        1 samples, Peak.   837 us (1.0x), Avg.   837 us, Total. 836.9 us (0.0%)
[Performance] InitializeOnLoad VisualStudioIntegration                                                                       :        1 samples, Peak.  1.53 ms (1.0x), Avg.  1.53 ms, Total. 1.527 ms (0.0%)
[Performance] InitializeOnLoad PrefabLayoutRebuilder                                                                         :        1 samples, Peak.   194 us (1.0x), Avg.   194 us, Total. 194.2 us (0.0%)
[Performance] InitializeOnLoad SpriteSkinCompositeStartup                                                                    :        1 samples, Peak.  11.3 ms (1.0x), Avg.  11.3 ms, Total. 11.35 ms (0.1%)
[Performance] InitializeOnLoad UnityInternalsInjector                                                                        :        1 samples, Peak.   749 us (1.0x), Avg.   749 us, Total. 749.3 us (0.0%)
[Performance] InitializeOnLoad UVCSToolbarBoostrap                                                                           :        1 samples, Peak.  43.2 ms (1.0x), Avg.  43.2 ms, Total. 43.22 ms (0.2%)
[Performance] InitializeOnLoad UnityAnalyticsStorage                                                                         :        1 samples, Peak.   355 us (1.0x), Avg.   355 us, Total. 355.2 us (0.0%)
[Performance] InitializeOnLoad BoneGizmoInitializer                                                                          :        1 samples, Peak.  3.08 ms (1.0x), Avg.  3.08 ms, Total. 3.082 ms (0.0%)
[Performance] InitializeOnLoad Analytics                                                                                     :        1 samples, Peak.   274 us (1.0x), Avg.   274 us, Total. 274.2 us (0.0%)
[Performance] InitializeOnLoad SceneDragAndDrop                                                                              :        1 samples, Peak.   185 us (1.0x), Avg.   185 us, Total. 184.6 us (0.0%)
[Performance] InitializeOnLoad SpriteShapeUpdateCache                                                                        :        1 samples, Peak.   431 us (1.0x), Avg.   431 us, Total. 430.5 us (0.0%)
[Performance] InitializeOnLoad SpriteShapeUnityAnalyticsStorage                                                              :        1 samples, Peak.  16.0 us (1.0x), Avg.  16.0 us, Total. 16.00 us (0.0%)
[Performance] InitializeOnLoad IKEditorManager.CreateInstance                                                                :        1 samples, Peak.  2.36 ms (1.0x), Avg.  2.36 ms, Total. 2.357 ms (0.0%)
[Performance] InitializeOnLoad $BurstDirectCallInitializer.Initialize                                                        :        7 samples, Peak.  54.1 ms (5.4x), Avg.  9.94 ms, Total. 69.59 ms (0.3%)
[Performance] InitializeOnLoad SceneViewGridManager.Initialize                                                               :        1 samples, Peak.  4.14 ms (1.0x), Avg.  4.14 ms, Total. 4.136 ms (0.0%)
[Performance] InitializeOnLoad TilemapPrefabStageHelper.Initialize                                                           :        1 samples, Peak.  1.94 ms (1.0x), Avg.  1.94 ms, Total. 1.945 ms (0.0%)
[Performance] InitializeOnLoad SceneViewOpenTilePaletteHelper.Initialize                                                     :        1 samples, Peak.  1.13 ms (1.0x), Avg.  1.13 ms, Total. 1.127 ms (0.0%)
[Performance] InitializeOnLoad TileDragAndDropManager.Initialize                                                             :        1 samples, Peak.   640 us (1.0x), Avg.   640 us, Total. 640.3 us (0.0%)
[Performance] InitializeOnLoad VisualStudioEditor.LegacyVisualStudioCodePackageDisabler                                      :        1 samples, Peak.   256 us (1.0x), Avg.   256 us, Total. 256.1 us (0.0%)
[Performance] InitializeOnLoad MaterialReimporter.RegisterUpgraderReimport                                                   :        2 samples, Peak.   162 us (1.7x), Avg.  97.0 us, Total. 194.1 us (0.0%)
[Performance] InitializeOnLoad BackgroundImport.Setup                                                                        :        1 samples, Peak.  1.39 ms (1.0x), Avg.  1.39 ms, Total. 1.395 ms (0.0%)
[Performance] InitializeOnLoad TestJobDataHolder.ResumeRunningJobs                                                           :        1 samples, Peak.  1.71 ms (1.0x), Avg.  1.71 ms, Total. 1.714 ms (0.0%)
[Performance] InitializeOnLoad AnalyticsReporter.RegisterCallbacks                                                           :        1 samples, Peak.   271 us (1.0x), Avg.   271 us, Total. 270.9 us (0.0%)
[Performance] InitializeOnLoad DebugManagerWindowLifetimeAnalytic.SubscribeToDebugManagerOpenCloseWindows                    :        1 samples, Peak.   463 us (1.0x), Avg.   463 us, Total. 463.1 us (0.0%)
[Performance] InitializeOnLoad CoreRenderPipelinePreferences.InitPreferenceProviders                                         :        1 samples, Peak.  36.6 ms (1.0x), Avg.  36.6 ms, Total. 36.61 ms (0.2%)
[Performance] InitializeOnLoad VolumeGizmoDrawer.InitVolumeGizmoCallbacks                                                    :        1 samples, Peak.   349 us (1.0x), Avg.   349 us, Total. 349.3 us (0.0%)
[Performance] DidReloadScriptsTestRunnerWindow.CompilationCallback                                                           :        1 samples, Peak.   417 us (1.0x), Avg.   417 us, Total. 417.1 us (0.0%)
[Performance] DidReloadScriptsTestListCache.ScriptReloaded                                                                   :        1 samples, Peak.  1.36 ms (1.0x), Avg.  1.36 ms, Total. 1.360 ms (0.0%)
[Performance] DidReloadScriptsLookDev.OnEditorReload                                                                         :        1 samples, Peak.   167 us (1.0x), Avg.   167 us, Total. 167.1 us (0.0%)
[Performance] DidReloadScriptsDebugWindow.OnEditorReload                                                                     :        1 samples, Peak.  7.72 ms (1.0x), Avg.  7.72 ms, Total. 7.715 ms (0.0%)
[Performance] DidReloadScriptsVolumeComponentEditor.OnEditorReload                                                           :        1 samples, Peak.  16.3 ms (1.0x), Avg.  16.3 ms, Total. 16.34 ms (0.1%)
[Performance] DidReloadScriptsAdvancedDropdownWindow.OnScriptReload                                                          :        1 samples, Peak.   188 us (1.0x), Avg.   188 us, Total. 188.2 us (0.0%)
[Performance] AssemblyReloadEvents.afterAssemblyReload: UnityEditor.U2D.Animation.BoneGizmo.OnAfterAssemblyReload            :        1 samples, Peak.   847 us (1.0x), Avg.   847 us, Total. 847.3 us (0.0%)
[Performance] AssetDatabase.ImportAssets                                                                                     :        4 samples, Peak.  76.3 ms (4.0x), Avg.  19.1 ms, Total. 76.27 ms (0.3%)
[Performance] VersionControl.Task.Wait                                                                                       :        1 samples, Peak.  13.2 us (1.0x), Avg.  13.2 us, Total. 13.20 us (0.0%)
[Performance] TMPro_TexturePostProcessor.OnPostprocessAllAssets                                                              :        4 samples, Peak.  1.02 ms (2.6x), Avg.   394 us, Total. 1.578 ms (0.0%)
[Performance] UVCSAssetPostprocessor.OnPostprocessAllAssets                                                                  :        4 samples, Peak.   512 us (2.1x), Avg.   247 us, Total. 988.5 us (0.0%)
[Performance] BuilderAssetPostprocessor.OnPostprocessAllAssets                                                               :        4 samples, Peak.  6.03 ms (2.0x), Avg.  3.02 ms, Total. 12.09 ms (0.1%)
[Performance] ArtifactBrowserPostProcessor.OnPostprocessAllAssets                                                            :        4 samples, Peak.   449 us (2.0x), Avg.   225 us, Total. 901.7 us (0.0%)
[Performance] AssetEvents.OnPostprocessAllAssets                                                                             :        8 samples, Peak.  38.6 ms (7.9x), Avg.  4.88 ms, Total. 39.06 ms (0.2%)
[Performance] AudioMixerPostprocessor.OnPostprocessAllAssets                                                                 :        4 samples, Peak.   354 us (2.0x), Avg.   178 us, Total. 712.6 us (0.0%)
[Performance] StyleCatalogPostProcessor.OnPostprocessAllAssets                                                               :        4 samples, Peak.  82.3 ms (2.0x), Avg.  41.2 ms, Total. 164.6 ms (0.7%)
[Performance] BuildCatalog                                                                                                   :        1 samples, Peak.  81.4 ms (1.0x), Avg.  81.4 ms, Total. 81.39 ms (0.4%)
[Performance] ModelImporterPostProcessor.OnPostprocessAllAssets                                                              :        4 samples, Peak.   998 us (2.0x), Avg.   504 us, Total. 2.014 ms (0.0%)
[Performance] MaterialPostprocessor.OnPostprocessAllAssets                                                                   :        8 samples, Peak.   551 us (2.2x), Avg.   255 us, Total. 2.044 ms (0.0%)
[Performance] UniversalRenderPipelineGlobalSettingsPostprocessor.OnPostprocessAllAssets                                      :        4 samples, Peak.  1.16 ms (2.0x), Avg.   590 us, Total. 2.361 ms (0.0%)
[Performance] RetainedModeAssetPostprocessor.OnPostprocessAllAssets                                                          :        4 samples, Peak.  2.42 ms (2.0x), Avg.  1.21 ms, Total. 4.850 ms (0.0%)
[Performance] AssetChangedListener.OnPostprocessAllAssets                                                                    :        4 samples, Peak.  1.14 ms (2.0x), Avg.   578 us, Total. 2.313 ms (0.0%)
[Performance] PostProcessor.OnPostprocessAllAssets                                                                           :        4 samples, Peak.   217 us (2.0x), Avg.   110 us, Total. 441.4 us (0.0%)
[Performance] ShaderGraphAssetPostProcessor.OnPostprocessAllAssets                                                           :        4 samples, Peak.  1.09 ms (1.9x), Avg.   581 us, Total. 2.324 ms (0.0%)
[Performance] SpeedTreePostProcessor.OnPostprocessAllAssets                                                                  :        4 samples, Peak.   122 us (1.9x), Avg.  62.6 us, Total. 250.3 us (0.0%)
[Performance] TextAssetPostProcessor.OnPostprocessAllAssets                                                                  :        4 samples, Peak.   341 us (2.0x), Avg.   172 us, Total. 688.1 us (0.0%)
[Performance] AssetProcessor.OnPostprocessAllAssets                                                                          :       12 samples, Peak.  1.32 ms (3.4x), Avg.   389 us, Total. 4.666 ms (0.0%)
[Performance] SpriteLibraryAssetPostprocessor.OnPostprocessAllAssets                                                         :        4 samples, Peak.   243 us (2.0x), Avg.   122 us, Total. 487.2 us (0.0%)
[Performance] PSDImporterAssetPostProcessor.OnPostprocessAllAssets                                                           :        4 samples, Peak.  81.0 us (2.0x), Avg.  40.7 us, Total. 163.0 us (0.0%)
[Performance] PSDImportPostProcessor.OnPostprocessAllAssets                                                                  :        4 samples, Peak.   106 us (2.0x), Avg.  53.1 us, Total. 212.4 us (0.0%)
[Performance] SpriteEditorTexturePostprocessor.OnPostprocessAllAssets                                                        :        4 samples, Peak.   247 us (1.8x), Avg.   138 us, Total. 551.4 us (0.0%)
[Performance] SpriteShapeAssetPostProcessor.OnPostprocessAllAssets                                                           :        4 samples, Peak.   349 us (1.1x), Avg.   322 us, Total. 1.289 ms (0.0%)
[Performance] SyncVS.PostprocessSyncProject                                                                                  :        2 samples, Peak.  2.97 ms (1.9x), Avg.  1.57 ms, Total. 3.148 ms (0.0%)
[Performance] Application.ImportPackagesAndSetTemplateWhenCreatingProject                                                    :        1 samples, Peak.  9.85 ms (1.0x), Avg.  9.85 ms, Total. 9.851 ms (0.0%)
[Performance] Application.SyncCurrentColorSpace                                                                              :        1 samples, Peak.   200 ms (1.0x), Avg.   200 ms, Total. 200.1 ms (0.9%)
[Performance] Application.OnUsbDevicesChanged                                                                                :        1 samples, Peak.  12.4 ms (1.0x), Avg.  12.4 ms, Total. 12.44 ms (0.1%)
[Performance] Application.AssetInstanceCacheUpdate                                                                           :        1 samples, Peak.   500 ns (1.0x), Avg.   500 ns, Total. 500.0 ns (0.0%)
[Performance] Application.UnityExtensions.Initialize                                                                         :        1 samples, Peak.  6.88 ms (1.0x), Avg.  6.88 ms, Total. 6.878 ms (0.0%)
[Performance] CodeEditorProjectSync.SyncEditorProject                                                                        :        1 samples, Peak.   203 ms (1.0x), Avg.   203 ms, Total. 202.5 ms (0.9%)
[Performance] Application.ExecuteStartups                                                                                    :        1 samples, Peak.  51.5 ms (1.0x), Avg.  51.5 ms, Total. 51.50 ms (0.2%)
[Performance] Menu.RegisterMenuInterface                                                                                     :       26 samples, Peak.  2.00 us (7.2x), Avg.   277 ns, Total. 7.200 us (0.0%)
[Performance] Gizmo.RebuildRenderers                                                                                         :        1 samples, Peak.  49.4 ms (1.0x), Avg.  49.4 ms, Total. 49.37 ms (0.2%)
[Performance] Gizmo.AddGizmoRenderers                                                                                        :      110 samples, Peak.  1.23 ms (64.2x), Avg.  19.1 us, Total. 2.103 ms (0.0%)
[Performance] Application.editorInitializingProject                                                                          :        1 samples, Peak.   240 ms (1.0x), Avg.   240 ms, Total. 239.7 ms (1.1%)
[Performance] Application.InitializeMenu                                                                                     :        1 samples, Peak.  1.59 s (1.0x), Avg.  1.59 s, Total. 1.588 s (7.1%)
[Performance] Menu.RebuildAll                                                                                                :        1 samples, Peak.  1.59 s (1.0x), Avg.  1.59 s, Total. 1.588 s (7.1%)
[Performance] Menu.BuildRegisteredMenuInterfaces                                                                             :        1 samples, Peak.  1.59 s (1.0x), Avg.  1.59 s, Total. 1.585 s (7.1%)
[Performance] Menu.FilterMenuItem                                                                                            :      774 samples, Peak.  79.6 ms (652.0x), Avg.   122 us, Total. 94.47 ms (0.4%)
[Performance] UpdateAllMenus                                                                                                 :        1 samples, Peak.   407 us (1.0x), Avg.   407 us, Total. 407.2 us (0.0%)
[Performance] Menu.RebuildOSMainMenu                                                                                         :        2 samples, Peak.  2.44 ms (1.1x), Avg.  2.20 ms, Total. 4.400 ms (0.0%)
[Performance] EditorSceneManager.sceneClosing: UnityEditor.SceneVisibilityManager.EditorSceneManagerOnSceneClosing           :        3 samples, Peak.   193 us (2.9x), Avg.  67.6 us, Total. 202.9 us (0.0%)
[Performance] GUIView.RepaintAll.PlayerLoopController                                                                        :        3 samples, Peak.  3.30 us (2.1x), Avg.  1.60 us, Total. 4.800 us (0.0%)
[Performance] EditorSceneManager.newSceneCreated: UnityEditor.SceneTemplate.SceneTemplateService.OnNewSceneCreated           :        3 samples, Peak.   230 us (2.9x), Avg.  78.2 us, Total. 234.6 us (0.0%)
[Performance] EditorSceneManager.newSceneCreated: UnityEditor.SceneVisibilityManager.EditorSceneManagerOnNewSceneCreated     :        3 samples, Peak.   174 us (2.7x), Avg.  64.9 us, Total. 194.7 us (0.0%)
[Performance] EditorSceneManager.newSceneCreated: UnityEditor.SceneManagement.StageNavigationManager.OnNewSceneCreated       :        3 samples, Peak.  51.7 us (2.9x), Avg.  18.0 us, Total. 54.10 us (0.0%)
[Performance] Application.InvokeFinishedLoadingProject                                                                       :        1 samples, Peak.  14.6 ms (1.0x), Avg.  14.6 ms, Total. 14.61 ms (0.1%)
[Performance] ProcessService.OnProjectLoaded                                                                                 :        1 samples, Peak.  44.7 us (1.0x), Avg.  44.7 us, Total. 44.70 us (0.0%)
[Performance] Application.Shutdown.SaveDefaultWindowPreferences                                                              :        1 samples, Peak.  64.9 us (1.0x), Avg.  64.9 us, Total. 64.90 us (0.0%)
[Performance] Application.Shutdown.SaveSceneManagerSetup                                                                     :        1 samples, Peak.   467 us (1.0x), Avg.   467 us, Total. 467.3 us (0.0%)
[Performance] Application.Shutdown.CleanupAllContainerWindows                                                                :        1 samples, Peak.   400 ns (1.0x), Avg.   400 ns, Total. 400.0 ns (0.0%)
[Performance] EditorApplication.quitting: Unity.Burst.Editor.BurstLoader.OnEditorApplicationQuitting                         :        1 samples, Peak.  22.6 us (1.0x), Avg.  22.6 us, Total. 22.60 us (0.0%)
[Performance] EditorApplication.quitting: UnityEditor.Tilemaps.SceneViewGridManager.EditorQuitting                           :        1 samples, Peak.  72.7 us (1.0x), Avg.  72.7 us, Total. 72.70 us (0.0%)
[Performance] EditorApplication.quitting: callback in UnityEditor.TextCore.Text.EditorEventCallbacks                         :        1 samples, Peak.  14.6 ms (1.0x), Avg.  14.6 ms, Total. 14.60 ms (0.1%)
[Performance] Killing ADB server                                                                                             :        1 samples, Peak.  67.6 ms (1.0x), Avg.  67.6 ms, Total. 67.62 ms (0.3%)
[Performance] Application.Shutdown.PauseProfilerSession                                                                      :        1 samples, Peak.  43.2 us (1.0x), Avg.  43.2 us, Total. 43.20 us (0.0%)
[Performance] Application.Shutdown.PauseAssetImportWorkers                                                                   :        1 samples, Peak.  1.57 ms (1.0x), Avg.  1.57 ms, Total. 1.574 ms (0.0%)
[Performance] Application.Shutdown.SaveAssets                                                                                :        1 samples, Peak.   100 ms (1.0x), Avg.   100 ms, Total. 100.3 ms (0.4%)
[Performance] PaletteAssetModificationProcessor.OnWillSaveAssets                                                             :        1 samples, Peak.   337 us (1.0x), Avg.   337 us, Total. 337.1 us (0.0%)
[Performance] StateMacroSavedEvent.OnWillSaveAssets                                                                          :        1 samples, Peak.   219 us (1.0x), Avg.   219 us, Total. 219.4 us (0.0%)
[Performance] FlowMacroSavedEvent.OnWillSaveAssets                                                                           :        1 samples, Peak.   139 us (1.0x), Avg.   139 us, Total. 139.5 us (0.0%)
[Performance] UnityCloudProjectLinkMonitor.OnWillSaveAssets                                                                  :        1 samples, Peak.   886 us (1.0x), Avg.   886 us, Total. 885.8 us (0.0%)
[Performance] UVCSAssetModificationProcessor.OnWillSaveAssets                                                                :        1 samples, Peak.   426 us (1.0x), Avg.   426 us, Total. 426.0 us (0.0%)
[Performance] BuilderAssetModificationProcessor.OnWillSaveAssets                                                             :        1 samples, Peak.   557 us (1.0x), Avg.   557 us, Total. 557.1 us (0.0%)
[Performance] TerrainModificationProcessor.OnWillSaveAssets                                                                  :        1 samples, Peak.   750 us (1.0x), Avg.   750 us, Total. 750.3 us (0.0%)
[Performance] Application.Shutdown.CleanupRenderPipeline                                                                     :        1 samples, Peak.  2.50 us (1.0x), Avg.  2.50 us, Total. 2.500 us (0.0%)
[Performance] Application.Shutdown.StopPreloadManager                                                                        :        1 samples, Peak.  9.56 ms (1.0x), Avg.  9.56 ms, Total. 9.560 ms (0.0%)
[Performance] Application.Shutdown.DestroyWorld                                                                              :        1 samples, Peak.   749 us (1.0x), Avg.   749 us, Total. 749.4 us (0.0%)
[Performance] Application.Shutdown.CleanupAfterLoad                                                                          :        1 samples, Peak.   237 ms (1.0x), Avg.   237 ms, Total. 236.8 ms (1.1%)
[Performance] Application.Shutdown.Progress                                                                                  :        1 samples, Peak.  11.7 us (1.0x), Avg.  11.7 us, Total. 11.70 us (0.0%)
[Performance] Application.Shutdown.GICleanupManagers                                                                         :        1 samples, Peak.   725 us (1.0x), Avg.   725 us, Total. 724.9 us (0.0%)
[Performance] Application.Shutdown.MenuCleanupClass                                                                          :        1 samples, Peak.   297 us (1.0x), Avg.   297 us, Total. 297.0 us (0.0%)
[Performance] Application.Shutdown.ADBSaveStateBeforeShutdown                                                                :        1 samples, Peak.  11.3 us (1.0x), Avg.  11.3 us, Total. 11.30 us (0.0%)
[Performance] Application.Shutdown.RemoteShutdown                                                                            :        1 samples, Peak.   800 ns (1.0x), Avg.   800 ns, Total. 800.0 ns (0.0%)
[Performance] Application.Shutdown.CleanupVCProvider                                                                         :        1 samples, Peak.  15.1 us (1.0x), Avg.  15.1 us, Total. 15.10 us (0.0%)
[Performance] Application.Shutdown.InputShutdown                                                                             :        1 samples, Peak.  3.00 us (1.0x), Avg.  3.00 us, Total. 3.000 us (0.0%)
[Performance] Application.Shutdown.GizmoManagerDestroy                                                                       :        1 samples, Peak.   738 us (1.0x), Avg.   738 us, Total. 738.3 us (0.0%)
[Performance] Application.Shutdown.ProfilerSession                                                                           :        1 samples, Peak.   127 us (1.0x), Avg.   127 us, Total. 127.3 us (0.0%)
[Performance] Application.Shutdown.ReleaseGfxWindowOnAllGUIViews                                                             :        1 samples, Peak.   400 ns (1.0x), Avg.   400 ns, Total. 400.0 ns (0.0%)
[Performance] Application.Shutdown.CleanupEngine                                                                             :        1 samples, Peak.   140 ms (1.0x), Avg.   140 ms, Total. 139.7 ms (0.6%)
[Performance] Application.Shutdown.CleanupAssetDatabase                                                                      :        1 samples, Peak.  10.1 ms (1.0x), Avg.  10.1 ms, Total. 10.09 ms (0.0%)
[Performance] Application.Shutdown.ScriptCompilationCleanUp                                                                  :        1 samples, Peak.  26.5 ms (1.0x), Avg.  26.5 ms, Total. 26.50 ms (0.1%)
[Performance] Application.Shutdown.DestroyJobSystem                                                                          :        1 samples, Peak.   112 us (1.0x), Avg.   112 us, Total. 111.9 us (0.0%)
[Performance] Application.Shutdown.CleanupPersistentManager                                                                  :        1 samples, Peak.  2.88 ms (1.0x), Avg.  2.88 ms, Total. 2.884 ms (0.0%)
[Performance] Application.Shutdown.CleanupAsyncReadManager                                                                   :        1 samples, Peak.   854 us (1.0x), Avg.   854 us, Total. 853.8 us (0.0%)
[Performance] Application.Shutdown.CleanupProgressBar                                                                        :        1 samples, Peak.   300 ns (1.0x), Avg.   300 ns, Total. 300.0 ns (0.0%)
[Performance] Application.Shutdown.CleanupMono                                                                               :        1 samples, Peak.   117 ms (1.0x), Avg.   117 ms, Total. 117.5 ms (0.5%)
[Performance] Application.Shutdown.CleanupStdConverters                                                                      :        1 samples, Peak.  7.90 us (1.0x), Avg.  7.90 us, Total. 7.900 us (0.0%)
[Performance] Application.Shutdown.UnloadAllPlatformSupportModuleNativeDlls                                                  :        1 samples, Peak.   600 ns (1.0x), Avg.   600 ns, Total. 600.0 ns (0.0%)
[Performance] Application.Shutdown.UnloadAllPlatformSupportNativeLibraries                                                   :        1 samples, Peak. 0.0 (-nan(ind)x), Avg. 0.0, Total. 0.0 (0.0%)
[Performance] Application.Shutdown.CleanupAutoDocumentation                                                                  :        1 samples, Peak.   282 us (1.0x), Avg.   282 us, Total. 282.3 us (0.0%)
[Performance] Application.Shutdown.ShaderNameManagerDestroy                                                                  :        1 samples, Peak.  50.0 us (1.0x), Avg.  50.0 us, Total. 50.00 us (0.0%)
[Performance] Application.Shutdown.CleanupCacheServer                                                                        :        1 samples, Peak.   100 ns (1.0x), Avg.   100 ns, Total. 100.0 ns (0.0%)
[Performance] Application.Shutdown.Virtualization_Shutdown                                                                   :        1 samples, Peak.   200 ns (1.0x), Avg.   200 ns, Total. 200.0 ns (0.0%)
[Performance] Application.Shutdown.DevConnections                                                                            :        1 samples, Peak.   164 us (1.0x), Avg.   164 us, Total. 164.1 us (0.0%)
Checking for leaked weakptr:
  Found no leaked weakptrs.
[Package Manager] Server::Kill -- Server was shutdown
Memory Statistics:
[ALLOC_TEMP_TLS] TLS Allocator
  StackAllocators : 
    [ALLOC_TEMP_CurlRequest]
      Initial Block Size 64.0 KB
      Current Block Size 64.0 KB
      Peak Allocated Bytes 0 B
      Overflow Count 0
    [ALLOC_TEMP_MAIN]
      Initial Block Size 16.0 MB
      Current Block Size 19.8 MB
      Peak Allocated Bytes 11.2 MB
      Overflow Count 0
    [ALLOC_TEMP_Background Job.Worker 8]
      Initial Block Size 32.0 KB
      Current Block Size 32.0 KB
      Peak Allocated Bytes 54 B
      Overflow Count 0
    [ALLOC_TEMP_Job.Worker 4]
      Initial Block Size 256.0 KB
      Current Block Size 256.0 KB
      Peak Allocated Bytes 14.1 KB
      Overflow Count 1
    [ALLOC_TEMP_AUDIO_FMOD mixer thread]
      Initial Block Size 64.0 KB
      Current Block Size 64.0 KB
      Peak Allocated Bytes 54 B
      Overflow Count 0
    [ALLOC_TEMP_BakingJobs.Worker 5]
      Initial Block Size 256.0 KB
      Current Block Size 256.0 KB
      Peak Allocated Bytes 54 B
      Overflow Count 0
    [ALLOC_TEMP_Background Job.Worker 11]
      Initial Block Size 32.0 KB
      Current Block Size 32.0 KB
      Peak Allocated Bytes 54 B
      Overflow Count 0
    [ALLOC_TEMP_Background Job.Worker 3]
      Initial Block Size 32.0 KB
      Current Block Size 32.0 KB
      Peak Allocated Bytes 66 B
      Overflow Count 0
    [ALLOC_TEMP_BatchDeleteObjects]
      Initial Block Size 64.0 KB
      Current Block Size 64.0 KB
      Peak Allocated Bytes 54 B
      Overflow Count 0
    [ALLOC_TEMP_CoreBusinessMetricsCache]
      Initial Block Size 64.0 KB
      Current Block Size 64.0 KB
      Peak Allocated Bytes 10.0 KB
      Overflow Count 0
    [ALLOC_TEMP_REST Message Handler]
      Initial Block Size 64.0 KB
      Current Block Size 64.0 KB
      Peak Allocated Bytes 54 B
      Overflow Count 0
    [ALLOC_TEMP_AssetDatabase.IOService]
      Initial Block Size 64.0 KB
      Current Block Size 64.0 KB
      Peak Allocated Bytes 54 B
      Overflow Count 0
    [ALLOC_TEMP_Background Job.Worker 2]
      Initial Block Size 32.0 KB
      Current Block Size 32.0 KB
      Peak Allocated Bytes 1.6 KB
      Overflow Count 0
    [ALLOC_TEMP_Job.Worker 10]
      Initial Block Size 256.0 KB
      Current Block Size 256.0 KB
      Peak Allocated Bytes 14.3 KB
      Overflow Count 0
    [ALLOC_TEMP_Loading.PreloadManager]
      Initial Block Size 32.0 MB
      Current Block Size 32.0 MB
      Peak Allocated Bytes 54 B
      Overflow Count 0
    [ALLOC_TEMP_Profiler.Dispatcher]
      Initial Block Size 64.0 KB
      Current Block Size 64.0 KB
      Peak Allocated Bytes 0 B
      Overflow Count 0
    [ALLOC_TEMP_Job.Worker 3]
      Initial Block Size 256.0 KB
      Current Block Size 256.0 KB
      Peak Allocated Bytes 13.6 KB
      Overflow Count 1
    [ALLOC_TEMP_Background Job.Worker 5]
      Initial Block Size 32.0 KB
      Current Block Size 32.0 KB
      Peak Allocated Bytes 54 B
      Overflow Count 0
    [ALLOC_TEMP_Background Job.Worker 13]
      Initial Block Size 32.0 KB
      Current Block Size 32.0 KB
      Peak Allocated Bytes 54 B
      Overflow Count 0
    [ALLOC_TEMP_Job.Worker 2]
      Initial Block Size 256.0 KB
      Current Block Size 256.0 KB
      Peak Allocated Bytes 9.4 KB
      Overflow Count 1
    [ALLOC_TEMP_Job.Worker 0]
      Initial Block Size 256.0 KB
      Current Block Size 256.0 KB
      Peak Allocated Bytes 7.2 KB
      Overflow Count 1
    [ALLOC_TEMP_Job.Worker 6]
      Initial Block Size 256.0 KB
      Current Block Size 256.0 KB
      Peak Allocated Bytes 14.6 KB
      Overflow Count 1
    [ALLOC_TEMP_Job.Worker 5]
      Initial Block Size 256.0 KB
      Current Block Size 256.0 KB
      Peak Allocated Bytes 12.4 KB
      Overflow Count 1
    [ALLOC_TEMP_Background Job.Worker 9]
      Initial Block Size 32.0 KB
      Current Block Size 32.0 KB
      Peak Allocated Bytes 54 B
      Overflow Count 0
    [ALLOC_TEMP_DirMonitor]
      Initial Block Size 64.0 KB
      Current Block Size 64.0 KB
      Peak Allocated Bytes 0.7 KB
      Overflow Count 0
    [ALLOC_TEMP_Job.Worker 9]
      Initial Block Size 256.0 KB
      Current Block Size 256.0 KB
      Peak Allocated Bytes 8.4 KB
      Overflow Count 0
    [ALLOC_TEMP_BakingJobs.Worker 1]
      Initial Block Size 256.0 KB
      Current Block Size 256.0 KB
      Peak Allocated Bytes 54 B
      Overflow Count 0
    [ALLOC_TEMP_Loading.AsyncRead]
      Initial Block Size 64.0 KB
      Current Block Size 64.0 KB
      Peak Allocated Bytes 128 B
      Overflow Count 0
    [ALLOC_TEMP_Background Job.Worker 10]
      Initial Block Size 32.0 KB
      Current Block Size 32.0 KB
      Peak Allocated Bytes 54 B
      Overflow Count 0
    [ALLOC_TEMP_Background Job.Worker 6]
      Initial Block Size 32.0 KB
      Current Block Size 32.0 KB
      Peak Allocated Bytes 54 B
      Overflow Count 0
    [ALLOC_TEMP_AUDIO_FMOD (WASAPI) feeder thread]
      Initial Block Size 64.0 KB
      Current Block Size 64.0 KB
      Peak Allocated Bytes 168 B
      Overflow Count 0
    [ALLOC_TEMP_Background Job.Worker 1]
      Initial Block Size 32.0 KB
      Current Block Size 256.0 KB
      Peak Allocated Bytes 131.0 KB
      Overflow Count 1408
    [ALLOC_TEMP_AUDIO_FMOD stream thread]
      Initial Block Size 64.0 KB
      Current Block Size 64.0 KB
      Peak Allocated Bytes 54 B
      Overflow Count 0
    [ALLOC_TEMP_BakingJobs.Worker 2]
      Initial Block Size 256.0 KB
      Current Block Size 256.0 KB
      Peak Allocated Bytes 54 B
      Overflow Count 0
    [ALLOC_TEMP_Background Job.Worker 7]
      Initial Block Size 32.0 KB
      Current Block Size 32.0 KB
      Peak Allocated Bytes 54 B
      Overflow Count 0
    [ALLOC_TEMP_Job.Worker 8]
      Initial Block Size 256.0 KB
      Current Block Size 256.0 KB
      Peak Allocated Bytes 13.2 KB
      Overflow Count 1
    [ALLOC_TEMP_Job.Worker 1]
      Initial Block Size 256.0 KB
      Current Block Size 256.0 KB
      Peak Allocated Bytes 7.7 KB
      Overflow Count 1
    [ALLOC_TEMP_BakingJobs.Worker 0]
      Initial Block Size 256.0 KB
      Current Block Size 256.0 KB
      Peak Allocated Bytes 54 B
      Overflow Count 0
    [ALLOC_TEMP_BakingJobs.Worker 3]
      Initial Block Size 256.0 KB
      Current Block Size 256.0 KB
      Peak Allocated Bytes 54 B
      Overflow Count 0
    [ALLOC_TEMP_EditorTaskManager]
      Initial Block Size 64.0 KB
      Current Block Size 68.0 KB
      Peak Allocated Bytes 64.0 KB
      Overflow Count 0
    [ALLOC_TEMP_Background Job.Worker 15]
      Initial Block Size 32.0 KB
      Current Block Size 32.0 KB
      Peak Allocated Bytes 54 B
      Overflow Count 0
    [ALLOC_TEMP_BakingJobs.Worker 4]
      Initial Block Size 256.0 KB
      Current Block Size 256.0 KB
      Peak Allocated Bytes 54 B
      Overflow Count 0
    [ALLOC_TEMP_Background Job.Worker 12]
      Initial Block Size 32.0 KB
      Current Block Size 32.0 KB
      Peak Allocated Bytes 54 B
      Overflow Count 0
    [ALLOC_TEMP_HTTP REST Server]
      Initial Block Size 64.0 KB
      Current Block Size 64.0 KB
      Peak Allocated Bytes 78 B
      Overflow Count 0
    [ALLOC_TEMP_AssetGarbageCollectorHelper] x 11
      Initial Block Size 64.0 KB
      Current Block Size 64.0 KB
      Peak Allocated Bytes 0 B
      Overflow Count 0
    [ALLOC_TEMP_Background Job.Worker 0]
      Initial Block Size 32.0 KB
      Current Block Size 32.0 KB
      Peak Allocated Bytes 54 B
      Overflow Count 0
    [ALLOC_TEMP_Background Job.Worker 4]
      Initial Block Size 32.0 KB
      Current Block Size 32.0 KB
      Peak Allocated Bytes 54 B
      Overflow Count 0
    [ALLOC_TEMP_Background Job.Worker 14]
      Initial Block Size 32.0 KB
      Current Block Size 32.0 KB
      Peak Allocated Bytes 54 B
      Overflow Count 0
    [ALLOC_TEMP_Job.Worker 7]
      Initial Block Size 256.0 KB
      Current Block Size 256.0 KB
      Peak Allocated Bytes 15.9 KB
      Overflow Count 1
    [ALLOC_TEMP_CloudJob.Worker 0]
      Initial Block Size 32.0 KB
      Current Block Size 32.0 KB
      Peak Allocated Bytes 4.3 KB
      Overflow Count 0
[ALLOC_MEMORYPROFILER]
  Requested Block Size 1.0 MB
  Peak Block count 2
  Peak Allocated memory 1.0 MB
  Peak Large allocation bytes 0 B
[ALLOC_DEFAULT] Dual Thread Allocator
  Peak main deferred allocation count 1298
    [ALLOC_BUCKET]
      Large Block size 32.0 MB
      Used Block count 1
      Peak Allocated bytes 13.2 MB
    [ALLOC_DEFAULT_MAIN]
      Requested Block Size 16.0 MB
      Peak Block count 7
      Peak Allocated memory 98.8 MB
      Peak Large allocation bytes 0 B
    [ALLOC_DEFAULT_THREAD]
      Requested Block Size 16.0 MB
      Peak Block count 1
      Peak Allocated memory 9.1 MB
      Peak Large allocation bytes 0 B
[ALLOC_TEMP_JOB_1_FRAME]
  Initial Block Size 2.0 MB
  Used Block Count 0
  Overflow Count (too large) 0
  Overflow Count (full) 0
[ALLOC_TEMP_JOB_2_FRAMES]
  Initial Block Size 2.0 MB
  Used Block Count 0
  Overflow Count (too large) 0
  Overflow Count (full) 0
[ALLOC_TEMP_JOB_4_FRAMES (JobTemp)]
  Initial Block Size 2.0 MB
  Used Block Count 1
  Overflow Count (too large) 0
  Overflow Count (full) 0
[ALLOC_TEMP_JOB_ASYNC (Background)]
  Initial Block Size 1.0 MB
  Used Block Count 1
  Overflow Count (too large) 0
  Overflow Count (full) 0
[ALLOC_GFX] Dual Thread Allocator
  Peak main deferred allocation count 0
    [ALLOC_BUCKET]
      Large Block size 32.0 MB
      Used Block count 1
      Peak Allocated bytes 13.2 MB
    [ALLOC_GFX_MAIN]
      Requested Block Size 16.0 MB
      Peak Block count 1
      Peak Allocated memory 9.8 MB
      Peak Large allocation bytes 0 B
    [ALLOC_GFX_THREAD]
      Requested Block Size 16.0 MB
      Peak Block count 0
      Peak Allocated memory 0 B
      Peak Large allocation bytes 0 B
[ALLOC_CACHEOBJECTS] Dual Thread Allocator
  Peak main deferred allocation count 270
    [ALLOC_BUCKET]
      Large Block size 32.0 MB
      Used Block count 1
      Peak Allocated bytes 13.2 MB
    [ALLOC_CACHEOBJECTS_MAIN]
      Requested Block Size 4.0 MB
      Peak Block count 21
      Peak Allocated memory 74.3 MB
      Peak Large allocation bytes 23.3 MB
    [ALLOC_CACHEOBJECTS_THREAD]
      Requested Block Size 4.0 MB
      Peak Block count 1
      Peak Allocated memory 304 B
      Peak Large allocation bytes 0 B
[ALLOC_TYPETREE] Dual Thread Allocator
  Peak main deferred allocation count 515
    [ALLOC_BUCKET]
      Large Block size 32.0 MB
      Used Block count 1
      Peak Allocated bytes 13.2 MB
    [ALLOC_TYPETREE_MAIN]
      Requested Block Size 2.0 MB
      Peak Block count 16
      Peak Allocated memory 28.5 MB
      Peak Large allocation bytes 0 B
    [ALLOC_TYPETREE_THREAD]
      Requested Block Size 2.0 MB
      Peak Block count 1
      Peak Allocated memory 2.0 KB
      Peak Large allocation bytes 0 B
[ALLOC_PROFILER]
  Requested Block Size 16.0 MB
  Peak Block count 1
  Peak Allocated memory 407.0 KB
  Peak Large allocation bytes 0 B
    [ALLOC_PROFILER_BUCKET]
      Large Block size 32.0 MB
      Used Block count 1
      Peak Allocated bytes 4.0 KB
[ALLOC_PROFILER_EDITOR]
  Requested Block Size 1.0 MB
  Peak Block count 0
  Peak Allocated memory 0 B
  Peak Large allocation bytes 0 B
    [ALLOC_PROFILER_BUCKET]
      Large Block size 32.0 MB
      Used Block count 1
      Peak Allocated bytes 4.0 KB
##utp:{"type":"MemoryLeaks","version":2,"phase":"Immediate","time":1782896966279,"processId":20344,"allocatedMemory":25721345,"memoryLabels":[{"Default":20335},{"Permanent":15615},{"NewDelete":80640},{"Thread":4229188},{"Manager":30628},{"VertexData":12},{"Geometry":560},{"Texture":176},{"Shader":68850},{"Material":24},{"GfxDevice":57048},{"Animation":296},{"Audio":3928},{"FontEngine":272},{"Physics":513},{"Serialization":948},{"Input":14744},{"JobScheduler":36896},{"Mono":40},{"ScriptingNativeRuntime":191848},{"BaseObject":1627276},{"Resource":1360},{"Renderer":2304},{"Transform":16},{"File":888},{"WebCam":96},{"Culling":40},{"Terrain":1137},{"Wind":24},{"STL":48},{"String":19029},{"DynamicArray":91272},{"HashMap":4656063},{"Utility":2662722},{"Curl":1424},{"PoolAlloc":1728},{"AI":104},{"TypeTree":5077},{"ScriptManager":640},{"RuntimeInitializeOnLoadManager":80},{"SpriteAtlas":128},{"GI":4072},{"Director":7960},{"CloudService":1864},{"WebRequest":688},{"VR":46081},{"SceneManager":568},{"Video":72},{"LazyScriptCache":40},{"NativeArray":12},{"Camera":25},{"Secure":1},{"SerializationCache":1584},{"APIUpdating":11872},{"Subsystems":392},{"VirtualTexturing":57896},{"StaticSafetyDebugInfo":327680},{"EditorGui":56},{"EditorUtility":21045},{"VersionControl":4},{"Undo":704},{"AssetDatabase":11366042},{"RestService":1414},{"EditorGi":376},{"License":3584},{"UnityConnect":25320},{"Collab":593},{"Upm":2032},{"DrivenProperties":96},{"LocalIPC":276},{"ProfilerEditor":10943},{"CoreBusinessMetrics":3956},{"AssetReference":40},{"IPCStream":40}]}
~StackAllocator(ALLOC_TEMP_MAIN) m_LastAlloc not NULL. Did you forget to call FreeAllStackAllocations()?
